Date,Open,High,Low,Close,Adj Close,Volume,stock
2013-12-12,43.7076,44.979839,43.605,44.118,43.07251,12935400,HLT
2013-12-13,45.123482,45.923759000000004,44.2206,45.349201,44.274529,1224800,HLT
2013-12-16,47.360161,52.839001,44.159039,44.159039,43.112567999999996,4717600,HLT
2013-12-17,44.343719,45.123482,44.282162,44.75412,43.69355,2313800,HLT
2013-12-18,44.795158,45.513359,44.44632,44.795158,43.733612,2857800,HLT
2013-12-19,44.631001,45.985321,44.2206,45.718559,44.635135999999996,1469100,HLT
2013-12-20,46.169998,46.272597999999995,44.85672,45.000359,43.933956,994800,HLT
2013-12-23,45.16452,45.533878,44.241119,44.241119,43.192707,1220700,HLT
2013-12-24,44.3232,44.466839,43.399799,44.138519,43.092533,1234000,HLT
2013-12-26,44.241119,45.06192,44.2206,44.5284,43.473175,1309200,HLT
2013-12-27,44.3232,44.815681,44.2206,44.3232,43.272835,1090300,HLT
2013-12-30,44.569439,45.082439,44.3232,44.918282,43.853825,871800,HLT
2013-12-31,45.144001,46.10844,45.041401,45.657001,44.575039000000004,1134300,HLT
2014-01-02,45.657001,45.862202,44.672039,44.85672,43.793715999999996,1763700,HLT
2014-01-03,44.733601,45.328678000000004,44.631001,45.16452,44.094231,461200,HLT
2014-01-06,45.123482,45.390240000000006,44.65152,45.144001,44.074196,1172300,HLT
2014-01-07,45.144001,45.349201,44.938801,45.144001,44.074196,1992500,HLT
2014-01-08,45.205559,45.205559,44.733601,45.205559,44.134296,1154200,HLT
2014-01-09,45.144001,45.18504,44.54892,44.877239,43.813747,459600,HLT
2014-01-10,44.65152,44.85672,44.261639,44.507881,43.453148,812300,HLT
2014-01-13,44.241119,44.795158,44.241119,44.569439,43.513252,728200,HLT
2014-01-14,44.54892,45.36972,44.405281,45.349201,44.274529,1251600,HLT
2014-01-15,45.246601,45.49284,44.795158,44.95932,43.893887,915200,HLT
2014-01-16,44.938801,45.205559,44.507881,45.06192,43.994061,1130000,HLT
2014-01-17,45.06192,46.293121,44.733601,45.657001,44.575039000000004,2702200,HLT
2014-01-21,46.190521000000004,46.354679,44.815681,44.979839,43.913925,1280200,HLT
2014-01-22,45.123482,46.149479,44.938801,46.087921,44.995746999999994,1428600,HLT
2014-01-23,46.02636,46.498321999999995,45.349201,46.498321999999995,45.396415999999995,936000,HLT
2014-01-24,45.862202,46.12896,45.328678000000004,46.067402,44.975716,891000,HLT
2014-01-27,46.067402,46.067402,44.918282,45.123482,44.054161,1099600,HLT
2014-01-28,44.815681,45.144001,44.631001,44.938801,43.873855999999996,686200,HLT
2014-01-29,44.75412,44.897758,44.241119,44.44632,43.393051,437800,HLT
2014-01-30,44.65152,44.774639,44.3232,44.44632,43.393051,520200,HLT
2014-01-31,44.138519,44.507881,43.78968,44.4258,43.373009,428600,HLT
2014-02-03,44.4258,44.5284,42.76368,42.989399,41.970646,1115000,HLT
2014-02-04,43.091999,43.256161,42.76368,43.153560999999996,42.130917,835700,HLT
2014-02-05,42.784199,43.009918,42.168597999999996,42.681599,41.670142999999996,694700,HLT
2014-02-06,42.76368,43.502399,42.722640999999996,43.502399,42.471489,294100,HLT
2014-02-07,43.625519,44.877239,43.543442,44.4258,43.373009,513000,HLT
2014-02-10,44.466839,44.507881,43.7076,43.933319,42.892208000000004,562400,HLT
2014-02-11,44.589958,44.672039,44.035919,44.507881,43.453148,642400,HLT
2014-02-12,44.610481,45.041401,44.364239000000005,44.918282,43.853825,436600,HLT
2014-02-13,44.692558,45.18504,44.4258,45.041401,43.974026,551600,HLT
2014-02-14,45.144001,45.246601,44.85672,45.144001,44.074196,647800,HLT
2014-02-18,45.144001,45.144001,44.589958,44.65152,43.593379999999996,616100,HLT
2014-02-19,44.65152,45.041401,44.118,44.179562,43.132607,441000,HLT
2014-02-20,44.118,44.466839,43.728119,44.097481,43.052479,602000,HLT
2014-02-21,44.118,45.533878,44.056438,45.451801,44.374691,1166000,HLT
2014-02-24,45.574921,46.169998,45.226082,45.677521,44.59507,743100,HLT
2014-02-25,45.657001,46.33416,45.574921,45.903240000000004,44.815445000000004,823100,HLT
2014-02-26,45.985321,46.539359999999995,45.759602,46.252078999999995,45.156017,1072000,HLT
2014-02-27,45.985321,46.908718,44.733601,46.149479,45.055851000000004,2187800,HLT
2014-02-28,46.169998,46.33416,45.308159,45.882721000000004,44.79541,970500,HLT
2014-03-03,45.59544,46.169998,45.36972,46.149479,45.055851000000004,676700,HLT
2014-03-04,47.011318,47.401199,46.087921,46.293121,45.196083,2307000,HLT
2014-03-05,46.10844,46.970279999999995,46.067402,46.724041,45.616787,668700,HLT
2014-03-06,46.724041,46.908718,45.964802,46.12896,45.035816,682400,HLT
2014-03-07,46.067402,46.847159999999995,45.964802,46.600922,45.496582000000004,642300,HLT
2014-03-10,46.703522,46.888199,45.615959000000004,45.923759000000004,44.835476,922000,HLT
2014-03-11,45.944278999999995,46.087921,45.144001,45.36972,44.294559,835400,HLT
2014-03-12,45.226082,45.964802,44.672039,45.862202,44.775372,788600,HLT
2014-03-13,45.615959000000004,46.02636,45.06192,45.246601,44.174358000000005,992600,HLT
2014-03-14,45.06192,45.677521,44.877239,45.205559,44.134296,609000,HLT
2014-03-17,45.36972,45.944278999999995,45.328678000000004,45.390240000000006,44.314594,369200,HLT
2014-03-18,45.349201,46.354679,45.26712,46.313641,45.216118,677700,HLT
2014-03-19,46.211040000000004,46.231559999999995,45.472321,45.677521,44.59507,733300,HLT
2014-03-20,45.657001,46.00584,45.36972,45.49284,44.414768,652700,HLT
2014-03-21,45.69804,47.17548,45.451801,47.17548,46.057533,3026700,HLT
2014-03-24,47.07288,47.38068,46.087921,46.703522,45.596759999999996,966000,HLT
2014-03-25,46.74456,46.990798999999996,46.12896,46.12896,45.035816,781700,HLT
2014-03-26,46.169998,46.313641,45.739079,45.841679,44.755333,781900,HLT
2014-03-27,45.780121,46.211040000000004,45.49284,45.615959000000004,44.534973,670500,HLT
2014-03-28,45.49284,45.923759000000004,45.041401,45.657001,44.575039000000004,2073000,HLT
2014-03-31,45.841679,46.02636,45.144001,45.636478000000004,44.555,4896900,HLT
2014-04-01,45.59544,46.580399,45.574921,46.272597999999995,45.176052,1052500,HLT
2014-04-02,46.169998,46.559878999999995,46.067402,46.10844,45.015774,1061500,HLT
2014-04-03,46.169998,46.33416,45.18504,45.18504,44.114258,959300,HLT
2014-04-04,45.205559,45.246601,44.241119,44.302681,43.252811,2767300,HLT
2014-04-07,44.3232,44.384762,43.625519,43.851238,42.812069,694200,HLT
2014-04-08,43.8102,43.9128,43.37928,43.830719,42.792041999999995,686100,HLT
2014-04-09,43.974361,44.4258,43.871761,44.138519,43.092533,864800,HLT
2014-04-10,44.056438,44.261639,43.17408,43.461361,42.431427,527900,HLT
2014-04-11,43.297199,43.871761,43.009918,43.605,42.571659000000004,760100,HLT
2014-04-14,43.68708,44.343719,43.317719,43.8102,42.771999,515300,HLT
2014-04-15,44.138519,44.138519,43.091999,43.871761,42.832104,484900,HLT
2014-04-16,43.646042,44.364239000000005,43.563961,44.3232,43.272835,523900,HLT
2014-04-17,44.200081,44.85672,43.7076,44.672039,43.613411,805100,HLT
2014-04-21,44.569439,44.569439,43.851238,44.035919,42.992378,498100,HLT
2014-04-22,44.0154,44.569439,43.974361,44.138519,43.092533,511700,HLT
2014-04-23,44.076962,44.4258,43.830719,44.097481,43.052479,469800,HLT
2014-04-24,44.241119,44.466839,44.035919,44.118,43.07251,302300,HLT
2014-04-25,44.118,44.159039,43.58448,43.769161,42.731937,204900,HLT
2014-04-28,43.78968,43.974361,43.194599,43.851238,42.812069,625600,HLT
2014-04-29,44.364239000000005,44.487358,43.030440999999996,43.27668,42.251125,1292800,HLT
2014-04-30,43.522919,44.836201,43.399799,44.795158,43.733612,920900,HLT
2014-05-01,44.713081,45.410759000000006,44.0154,45.308159,44.234451,700500,HLT
2014-05-02,45.308159,46.518840999999995,45.226082,45.246601,44.174358000000005,991000,HLT
2014-05-05,45.020882,45.533878,44.774639,45.472321,44.394733,410800,HLT
2014-05-06,45.349201,45.718559,44.938801,45.472321,44.394733,683100,HLT
2014-05-07,46.785599,47.154961,45.36972,46.498321999999995,45.396415999999995,1038000,HLT
2014-05-08,46.703522,46.908718,46.293121,46.457279,45.356342,1212800,HLT
2014-05-09,48.693958,48.837601,46.74456,47.339642,46.217804,3461100,HLT
2014-05-12,48.1194,48.3246,46.518840999999995,47.154961,46.037490999999996,1586700,HLT
2014-05-13,47.401199,47.647442,46.970279999999995,47.195999,46.077564,1098500,HLT
2014-05-14,47.195999,47.319117999999996,45.739079,46.272597999999995,45.176052,1191700,HLT
2014-05-15,46.375198,46.375198,44.44632,44.938801,43.873855999999996,1821300,HLT
2014-05-16,45.144001,45.26712,43.994881,44.877239,43.813747,1228800,HLT
2014-05-19,44.938801,45.16452,44.569439,44.95932,43.893887,970400,HLT
2014-05-20,45.000359,45.123482,43.851238,43.933319,42.892208000000004,1359200,HLT
2014-05-21,44.118,45.144001,44.0154,44.836201,43.773693,1872800,HLT
2014-05-22,44.815681,45.246601,44.815681,45.123482,44.054161,1002300,HLT
2014-05-23,45.69804,45.841679,45.16452,45.246601,44.174358000000005,527700,HLT
2014-05-27,45.513359,45.821159,45.041401,45.636478000000004,44.555,1164800,HLT
2014-05-28,45.80064,46.231559999999995,45.144001,45.16452,44.094231,1054100,HLT
2014-05-29,45.26712,45.554401,44.897758,45.513359,44.434795,732900,HLT
2014-05-30,45.410759000000006,46.477798,45.410759000000006,46.416241,45.316288,1272500,HLT
2014-06-02,46.416241,46.86768,45.964802,46.74456,45.636814,1202400,HLT
2014-06-03,46.539359999999995,47.011318,46.046879,46.600922,45.496582000000004,1484600,HLT
2014-06-04,46.43676,47.093399,46.354679,46.724041,45.616787,665600,HLT
2014-06-05,46.724041,47.298598999999996,46.375198,47.237041,46.117638,878900,HLT
2014-06-06,47.237041,47.934719,46.621441,47.770561,46.638512,1235300,HLT
2014-06-09,47.770561,48.1194,47.07288,47.79108,46.658543,1235200,HLT
2014-06-10,47.524319,48.570839,47.524319,48.078362,46.939014,1351800,HLT
2014-06-11,47.17548,47.339642,46.477798,46.806121999999995,45.696926,3671100,HLT
2014-06-12,46.354679,46.847159999999995,46.00584,46.12896,45.035816,1815800,HLT
2014-06-13,46.067402,46.272597999999995,45.49284,45.739079,44.655174,2073700,HLT
2014-06-16,45.759602,46.682999,45.16452,45.574921,44.494896000000004,2613700,HLT
2014-06-17,45.554401,46.252078999999995,45.554401,45.841679,44.755333,1243700,HLT
2014-06-18,45.759602,46.087921,45.615959000000004,45.862202,44.775372,1400300,HLT
2014-06-19,45.923759000000004,46.33416,45.759602,45.821159,44.735302000000004,1299200,HLT
2014-06-20,46.087921,46.087921,45.677521,45.677521,44.59507,1644700,HLT
2014-06-23,45.903240000000004,46.169998,45.574921,45.841679,44.755333,1575300,HLT
2014-06-24,45.841679,46.990798999999996,45.780121,46.169998,45.075878,5474100,HLT
2014-06-25,46.990798999999996,47.770561,46.74456,47.113918,45.997433,27335200,HLT
2014-06-26,47.052361,47.237041,46.765079,46.908718,45.797092,7572900,HLT
2014-06-27,46.990798999999996,47.401199,46.580399,46.806121999999995,45.696926,6862700,HLT
2014-06-30,46.785599,47.873160999999996,46.64196,47.8116,46.678577000000004,3204700,HLT
2014-07-01,47.79108,48.673439,47.68848,48.488762,47.339695,5010100,HLT
2014-07-02,48.222,49.063320000000004,48.057838000000004,48.96072,47.800461,3300600,HLT
2014-07-03,48.96072,50.889599,48.96072,50.889599,49.683640000000004,5482100,HLT
2014-07-07,50.479198,50.704921999999996,50.068802000000005,50.273998,49.082619,3754300,HLT
2014-07-08,50.068802000000005,50.089321000000005,49.227482,49.637878,48.461578,2931200,HLT
2014-07-09,49.863602,50.828041,49.576321,50.725441,49.523365000000005,2832700,HLT
2014-07-10,49.843078999999996,50.725441,49.802040000000005,50.315041,49.122692,1868600,HLT
2014-07-11,49.26852,50.315041,49.26852,49.90464,48.722019,1384400,HLT
2014-07-14,50.397121000000006,50.97168,50.068802000000005,50.191921,49.002499,2394700,HLT
2014-07-15,50.171397999999996,50.725441,50.089321000000005,50.417640999999996,49.222862,1918100,HLT
2014-07-16,50.499722,50.684399,49.945679,50.438159999999996,49.242897,1315700,HLT
2014-07-17,50.130359999999996,50.684399,49.248001,49.39164,48.221171999999996,3192100,HLT
2014-07-18,49.740479,50.417640999999996,49.535278000000005,50.376598,49.182789,1820500,HLT
2014-07-21,50.171397999999996,51.156361,50.171397999999996,50.951159999999994,49.74374,2381900,HLT
2014-07-22,51.07428,51.833519,50.786999,51.566761,50.344753000000004,2022900,HLT
2014-07-23,51.423119,52.510681000000005,51.38208,52.346519,51.106021999999996,3073200,HLT
2014-07-24,52.326,52.982639,51.79248,51.895081,50.665290999999996,3345800,HLT
2014-07-25,51.68988,52.408081,51.443642,51.874561,50.645252,920200,HLT
2014-07-28,51.874561,52.305481,51.48468,51.79248,50.565117,1143400,HLT
2014-07-29,52.0182,52.079762,51.156361,51.258961,50.044239000000005,1686500,HLT
2014-07-30,51.6078,51.956638,50.150878999999996,50.643359999999994,49.443218,3035000,HLT
2014-07-31,50.109840000000005,50.458679,49.26852,49.678921,48.501647999999996,2718300,HLT
2014-08-01,50.273998,50.376598,47.503799,49.843078999999996,48.661919,4673200,HLT
2014-08-04,49.884121,50.02776,49.124882,49.617359,48.441544,1665300,HLT
2014-08-05,49.494240000000005,49.658401,48.222,48.673439,47.519993,2776900,HLT
2014-08-06,48.242519,48.406681,47.6064,48.1194,46.979088,2932300,HLT
2014-08-07,48.488762,49.186440000000005,48.406681,48.591358,47.439854,2239200,HLT
2014-08-08,48.673439,49.001759,48.057838000000004,48.65292,47.499958,1580700,HLT
2014-08-11,49.145401,49.781521000000005,48.940201,49.37112,48.201138,809400,HLT
2014-08-12,49.186440000000005,49.617359,48.940201,49.473721000000005,48.301303999999995,689500,HLT
2014-08-13,49.678921,50.438159999999996,49.39164,50.253479,49.062591999999995,1191000,HLT
2014-08-14,50.397121000000006,50.766479,50.253479,50.74596,49.543403999999995,924200,HLT
2014-08-15,51.033241,51.197399,50.048279,50.622840999999994,49.423199,1224700,HLT
2014-08-18,51.094799,51.320518,50.622840999999994,51.27948,50.06427,1073000,HLT
2014-08-19,51.320518,51.813,51.115318,51.525719,50.304676,1098800,HLT
2014-08-20,51.320518,52.264439,51.17688,52.202881,50.965796999999995,1634300,HLT
2014-08-21,52.1208,52.61328100000001,52.059238,52.408081,51.166126,1219900,HLT
2014-08-22,52.326,52.839001,52.284962,52.61328100000001,51.366467,946900,HLT
2014-08-25,52.633801,52.777439,52.182362,52.777439,51.52673,1304100,HLT
2014-08-26,52.736401,52.921082,52.387562,52.633801,51.386505,961800,HLT
2014-08-27,52.674839,53.18784,52.61328100000001,52.859519999999996,51.606869,1292900,HLT
2014-08-28,52.551719999999996,52.859519999999996,52.202881,52.65432,51.406535999999996,1369000,HLT
2014-08-29,52.65432,52.756919999999994,51.7104,51.956638,50.725390999999995,5281400,HLT
2014-09-02,52.367039,52.982639,51.6078,52.243919,51.005859,1346300,HLT
2014-09-03,52.44911999999999,52.61328100000001,51.751438,51.874561,50.645252,2212400,HLT
2014-09-04,52.079762,52.695358,51.464161,51.997681,50.765469,1593400,HLT
2014-09-05,52.038719,53.146801,51.6078,52.859519999999996,51.606869,1606000,HLT
2014-09-08,52.674839,52.921082,52.469639,52.695358,51.446602,582300,HLT
2014-09-09,52.5312,52.900558,52.1208,52.346519,51.106021999999996,1520600,HLT
2014-09-10,52.4286,52.469639,51.751438,51.874561,50.645252,1757500,HLT
2014-09-11,50.889599,51.7104,50.602321999999994,50.97168,49.763775,3296200,HLT
2014-09-12,50.84856,50.992199,49.761002000000005,50.068802000000005,48.882290000000005,2576400,HLT
2014-09-15,50.068802000000005,50.23296,49.432678,49.514759000000005,48.341373,1700900,HLT
2014-09-16,49.39164,50.725441,49.26852,50.581799,49.383129,1901900,HLT
2014-09-17,50.663879,51.546242,50.561279,51.320518,50.104343,2660100,HLT
2014-09-18,51.38208,51.669361,50.663879,50.74596,49.543403999999995,1769000,HLT
2014-09-19,50.910118,50.992199,50.438159999999996,50.786999,49.583465999999994,2259400,HLT
2014-09-22,50.766479,50.951159999999994,50.356079,50.910118,49.703663,2198400,HLT
2014-09-23,50.74596,50.951159999999994,50.581799,50.663879,49.463260999999996,2152800,HLT
2014-09-24,50.766479,50.992199,50.438159999999996,50.684399,49.483299,1537100,HLT
2014-09-25,50.622840999999994,50.643359999999994,50.048279,50.273998,49.082619,2197600,HLT
2014-09-26,50.294521,50.951159999999994,49.986721,50.930640999999994,49.723701,1887000,HLT
2014-09-29,50.54076,50.807522,50.21244,50.376598,49.182789,1417900,HLT
2014-09-30,50.315041,50.766479,49.90464,50.54076,49.343059999999994,2636500,HLT
2014-10-01,50.356079,50.479198,48.693958,49.248001,48.080940000000005,3817500,HLT
2014-10-02,49.248001,49.514759000000005,48.570839,49.206959000000005,48.040867,2136300,HLT
2014-10-03,49.637878,50.02776,49.432678,49.90464,48.722019,661200,HLT
2014-10-06,50.499722,50.910118,49.473721000000005,49.678921,48.501647999999996,2113400,HLT
2014-10-07,49.248001,49.658401,48.940201,49.206959000000005,48.040867,1424700,HLT
2014-10-08,49.309559,49.39164,48.345119,49.083839000000005,47.920662,1802600,HLT
2014-10-09,49.37112,49.494240000000005,47.893681,47.955238,46.81881,2234500,HLT
2014-10-10,47.832119,47.893681,46.64196,46.724041,45.616787,2639000,HLT
2014-10-13,46.847159999999995,46.970279999999995,45.16452,45.226082,44.154331,4251700,HLT
2014-10-14,45.657001,46.00584,44.364239000000005,45.205559,44.134296,3008200,HLT
2014-10-15,43.933319,45.451801,42.517441,44.343719,43.292873,5587800,HLT
2014-10-16,43.605,45.862202,43.37928,44.85672,43.793715999999996,5365500,HLT
2014-10-17,45.985321,47.667961,45.985321,46.806121999999995,45.696926,3238200,HLT
2014-10-20,46.86768,48.55032,46.765079,48.468239000000004,47.319656,2321700,HLT
2014-10-21,49.248001,50.33556,49.206959000000005,50.294521,49.102654,2224700,HLT
2014-10-22,50.499722,50.622840999999994,49.083839000000005,49.26852,48.100975,1728900,HLT
2014-10-23,49.986721,50.191921,48.981239,49.330078,48.161072,1345100,HLT
2014-10-24,49.186440000000005,49.822559000000005,48.735001000000004,49.740479,48.561741,761200,HLT
2014-10-27,49.740479,49.863602,48.776039000000004,49.617359,48.441544,925600,HLT
2014-10-28,49.69944,50.499722,49.248001,49.986721,48.802151,2384700,HLT
2014-10-29,50.23296,50.828041,49.863602,50.397121000000006,49.202831,1636000,HLT
2014-10-30,50.02776,51.730919,49.863602,51.320518,50.104343,2099800,HLT
2014-10-31,51.977160999999995,52.633801,50.889599,51.79248,50.565117,3463400,HLT
2014-11-03,50.992199,52.469639,50.86908,51.813,50.585144,2772800,HLT
2014-11-04,50.622840999999994,50.910118,50.068802000000005,50.479198,49.282959000000005,24618600,HLT
2014-11-05,50.807522,51.505199,50.581799,51.38208,50.164448,7300000,HLT
2014-11-06,51.38208,51.7104,51.156361,51.402599,50.184483,3861200,HLT
2014-11-07,51.648842,51.7104,50.910118,51.238440999999995,50.024212,2379400,HLT
2014-11-10,51.320518,51.669361,51.135841,51.58728,50.364784,2507200,HLT
2014-11-11,51.566761,51.9156,51.402599,51.730919,50.505016,2884600,HLT
2014-11-12,51.7104,52.059238,51.07428,51.956638,50.725390999999995,2179900,HLT
2014-11-13,52.1208,52.367039,51.17688,52.059238,50.825562,2876300,HLT
2014-11-14,52.1208,52.982639,51.771961,52.96212,51.707043,4424300,HLT
2014-11-17,52.572239,52.859519999999996,52.038719,52.161839,50.92572,1568300,HLT
2014-11-18,52.161839,52.839001,51.977160999999995,52.551719999999996,51.30637,1838100,HLT
2014-11-19,52.367039,52.715881,52.0182,52.367039,51.126059999999995,1343500,HLT
2014-11-20,52.264439,52.44911999999999,51.525719,52.2234,50.985828000000005,2426900,HLT
2014-11-21,52.839001,52.859519999999996,52.326,52.367039,51.126059999999995,2745100,HLT
2014-11-24,52.674839,53.208358999999994,52.592757999999996,52.941601,51.687,2041000,HLT
2014-11-25,52.921082,53.680321,52.859519999999996,53.659801,52.38818,2261900,HLT
2014-11-26,53.598240000000004,53.721359,53.16732,53.39304,52.127747,1306600,HLT
2014-11-28,53.659801,54.070202,53.639278000000004,53.80344,52.528423,751000,HLT
2014-12-01,53.618759,53.741879000000004,52.182362,52.182362,50.945763,2709000,HLT
2014-12-02,52.469639,52.715881,52.305481,52.346519,51.106021999999996,2625500,HLT
2014-12-03,52.346519,53.310959,52.305481,53.22888199999999,51.967484000000006,2231800,HLT
2014-12-04,53.146801,53.80344,52.839001,53.352001,52.087685,4503500,HLT
2014-12-05,53.536678,54.29592099999999,53.536678,54.213840000000005,52.929095999999994,2260700,HLT
2014-12-08,54.13176,54.357479000000005,53.762402,54.049679000000005,52.768829000000004,1060200,HLT
2014-12-09,53.290440000000004,53.906040000000004,52.510681000000005,53.823958999999995,52.54845400000001,1532600,HLT
2014-12-10,53.639278000000004,54.193321,53.249401,53.331478000000004,52.06765,1456100,HLT
2014-12-11,53.639278000000004,54.43956,53.618759,53.885521,52.608562,1591200,HLT
2014-12-12,53.70084,53.885521,53.044201,53.085239,51.827248,1711600,HLT
2014-12-15,53.434078,53.618759,51.833519,51.956638,50.725390999999995,4511800,HLT
2014-12-16,51.48468,51.813,50.766479,50.766479,49.563435,4312700,HLT
2014-12-17,51.094799,52.1208,50.397121000000006,51.9156,50.685326,2926900,HLT
2014-12-18,52.592757999999996,53.105759,52.141319,53.085239,51.827248,2347000,HLT
2014-12-19,53.22888199999999,53.762402,52.818481000000006,53.721359,52.448288,3023100,HLT
2014-12-22,53.721359,54.070202,53.26991999999999,53.352001,52.087685,1819800,HLT
2014-12-23,53.762402,53.885521,53.413559,53.557201,52.288016999999996,1849400,HLT
2014-12-24,53.454601000000004,54.070202,53.372519999999994,53.782920999999995,52.50839200000001,561800,HLT
2014-12-26,54.00864,54.29592099999999,53.906040000000004,53.926559,52.648621,314500,HLT
2014-12-29,53.80344,53.823958999999995,53.22888199999999,53.577721,52.308048,1188200,HLT
2014-12-30,53.454601000000004,53.823958999999995,53.310959,53.536678,52.267979,824400,HLT
2014-12-31,53.577721,54.254879,53.49564,53.536678,52.267979,1115500,HLT
2015-01-02,53.762402,53.906040000000004,52.284962,53.22888199999999,51.967484000000006,1791600,HLT
2015-01-05,52.839001,53.044201,51.299999,51.505199,50.284649,2112100,HLT
2015-01-06,51.402599,51.423119,49.986721,51.033241,49.823871999999994,3422600,HLT
2015-01-07,51.648842,52.059238,51.135841,51.854038,50.625217,2239400,HLT
2015-01-08,52.305481,53.39304,52.141319,53.290440000000004,52.02758,2098400,HLT
2015-01-09,53.290440000000004,53.413559,52.633801,52.756919999999994,51.506706,2061200,HLT
2015-01-12,52.715881,52.715881,52.0182,52.2234,50.985828000000005,1670500,HLT
2015-01-13,53.26991999999999,53.865002000000004,51.997681,52.633801,51.386505,2895900,HLT
2015-01-14,52.038719,53.208358999999994,51.628319,53.208358999999994,51.947441,1962700,HLT
2015-01-15,53.290440000000004,53.352001,52.44911999999999,52.5312,51.286339,1157400,HLT
2015-01-16,52.284962,53.105759,52.059238,53.064719999999994,51.807209,1285900,HLT
2015-01-20,53.105759,53.22888199999999,52.264439,52.900558,51.646935,1490800,HLT
2015-01-21,52.736401,53.352001,52.326,53.105759,51.847282,1183800,HLT
2015-01-22,53.352001,55.075680000000006,53.085239,54.87048000000001,53.57018299999999,2673900,HLT
2015-01-23,54.890999,55.198799,54.419041,54.501121999999995,53.209571999999994,1493200,HLT
2015-01-26,54.521641,55.28088,54.357479000000005,55.21931800000001,53.910751,1615800,HLT
2015-01-27,54.64476,54.97308,53.885521,54.316441000000005,53.029274,1399100,HLT
2015-01-28,54.849959999999996,55.21931800000001,54.172798,54.275397999999996,52.989201,3175700,HLT
2015-01-29,54.172798,54.460079,53.618759,54.13176,52.848965,2703100,HLT
2015-01-30,53.762402,54.172798,53.208358999999994,53.290440000000004,52.02758,1681800,HLT
2015-02-02,53.352001,53.659801,52.4286,53.598240000000004,52.328087,3069500,HLT
2015-02-03,53.762402,54.542159999999996,53.516158999999995,54.521641,53.229603000000004,1687100,HLT
2015-02-04,54.788399,54.91151800000001,53.721359,54.02916,52.748794999999994,2346100,HLT
2015-02-05,53.988121,55.137241,53.988121,55.137241,53.830616000000006,1186600,HLT
2015-02-06,55.342442000000005,55.917,54.049679000000005,54.090720999999995,52.808891,4544100,HLT
2015-02-09,54.11124,54.788399,53.762402,54.357479000000005,53.069331999999996,2400400,HLT
2015-02-10,55.116718000000006,56.368439,54.932041000000005,56.347919,55.01260799999999,3182900,HLT
2015-02-11,56.368439,58.871880000000004,56.265839,57.784321,56.41497,6616600,HLT
2015-02-12,58.21524,58.74876,57.681720999999996,58.358879,56.97590600000001,4064700,HLT
2015-02-13,58.789799,59.38488,58.379397999999995,58.625641,57.236351,3179200,HLT
2015-02-17,58.625641,59.302799,58.153679000000004,58.789799,57.396618000000004,2797700,HLT
2015-02-18,58.174198,58.83084100000001,57.230281999999995,58.56407900000001,57.17625,4485200,HLT
2015-02-19,58.56407900000001,58.871880000000004,58.174198,58.174198,56.795609,2530900,HLT
2015-02-20,57.866402,58.502522,57.681720999999996,58.174198,56.795609,1913400,HLT
2015-02-23,57.866402,58.010040000000004,57.16871999999999,57.29184,55.934155000000004,2179100,HLT
2015-02-24,57.209759,57.456001,56.799358,57.025082,55.67372099999999,2516700,HLT
2015-02-25,57.086639,57.39444,56.90195799999999,57.29184,55.934155000000004,2689700,HLT
2015-02-26,57.37392,57.538078000000006,56.676239,57.476521,56.114456000000004,2964900,HLT
2015-02-27,57.456001,58.051079,57.456001,58.010040000000004,56.63533,2306200,HLT
2015-03-02,58.153679000000004,59.32331800000001,57.989520999999996,59.241241,57.837353,2030700,HLT
2015-03-03,59.179680000000005,60.062038,58.44096,60.062038,58.638706000000006,4133000,HLT
2015-03-04,59.836318999999996,59.856838,58.481998,59.42591899999999,58.017662,4532100,HLT
2015-03-05,59.446442000000005,60.185162,59.38488,59.569561,58.157897999999996,1934800,HLT
2015-03-06,59.097599,59.302799,57.90744,57.948479000000006,56.575237,2665000,HLT
2015-03-09,58.276798,58.276798,57.681720999999996,58.030559999999994,56.65536899999999,1806500,HLT
2015-03-10,57.189240000000005,57.70224,56.799358,57.271319999999996,55.914127,2936500,HLT
2015-03-11,57.189240000000005,57.70224,57.086639,57.538078000000006,56.174564000000004,2876900,HLT
2015-03-12,57.90744,59.118118,57.90744,58.092121,56.715472999999996,2314600,HLT
2015-03-13,58.010040000000004,58.297321,57.39444,57.763802,56.394932,3998600,HLT
2015-03-16,58.030559999999994,59.7132,58.030559999999994,59.466961,58.057728000000004,2623500,HLT
2015-03-17,59.302799,59.507999,58.892399,59.28228000000001,57.877421999999996,1725500,HLT
2015-03-18,59.200199,60.185162,58.789799,60.1236,58.698811,1586800,HLT
2015-03-19,59.897881000000005,60.55452,59.836318999999996,60.451919999999994,59.019348,1693700,HLT
2015-03-20,60.821281000000006,60.96491999999999,60.021,60.144118999999996,58.718849,3327500,HLT
2015-03-23,60.185162,60.944401,59.856838,60.472439,59.039382999999994,2032500,HLT
2015-03-24,60.349318999999994,60.780239,59.836318999999996,60.492962,59.059414000000004,3181500,HLT
2015-03-25,60.4314,60.451919999999994,58.892399,58.994999,57.596962,3669900,HLT
2015-03-26,58.584599,60.287762,58.379397999999995,59.877361,58.458408,4954600,HLT
2015-03-27,59.754238,61.334278000000005,59.59008000000001,61.047001,59.600334,4743800,HLT
2015-03-30,61.375319999999995,61.68312099999999,60.55452,60.800757999999995,59.359928000000004,2529600,HLT
2015-03-31,60.718681000000004,61.252201,60.410881,60.780239,59.339890000000004,5110100,HLT
2015-04-01,60.903358,60.944401,59.69268,60.082561,58.658744999999996,2307500,HLT
2015-04-02,60.185162,60.96491999999999,60.1236,60.24671899999999,58.819008,3461300,HLT
2015-04-06,60.021,61.005959,59.959438,60.780239,59.339890000000004,3101200,HLT
2015-04-07,60.96491999999999,60.96491999999999,59.856838,59.897881000000005,58.478443000000006,1719000,HLT
2015-04-08,61.724159,62.64756,61.190639000000004,62.606522,61.122890000000005,5736900,HLT
2015-04-09,62.421841,64.0224,61.888321,63.8172,62.304878,4197900,HLT
2015-04-10,63.83771899999999,64.30967700000001,62.975880000000004,63.509399,62.004372,2825000,HLT
2015-04-13,62.64756,63.201599,62.360279000000006,62.544959999999996,61.06279,1597400,HLT
2015-04-14,62.503921999999996,62.544959999999996,61.662601,62.11404,60.642081999999995,1335400,HLT
2015-04-15,62.524441,62.975880000000004,61.99092099999999,61.99092099999999,60.52188100000001,1367700,HLT
2015-04-16,61.970402,62.44236,61.067519999999995,61.27271999999999,59.820693999999996,1969800,HLT
2015-04-17,60.759719999999994,61.252201,60.369839,60.739201,59.29982,1767700,HLT
2015-04-20,60.944401,61.908840000000005,60.86232,61.27271999999999,59.820693999999996,1898800,HLT
2015-04-21,61.601040000000005,62.052479000000005,61.293240000000004,61.785720999999995,60.321541,1441100,HLT
2015-04-22,61.68312099999999,62.155079,61.108559,61.601040000000005,60.141239,1569300,HLT
2015-04-23,61.601040000000005,62.503921999999996,61.416359,62.196121,60.722214,1418700,HLT
2015-04-24,62.606522,62.791199,62.052479000000005,62.13456,60.662113,961000,HLT
2015-04-27,62.421841,62.975880000000004,60.780239,60.821281000000006,59.379963000000004,2141400,HLT
2015-04-28,60.92388199999999,61.293240000000004,59.9184,60.410881,58.979282,2873000,HLT
2015-04-29,62.462879,64.84320100000001,60.780239,61.067519999999995,59.620365,6059200,HLT
2015-04-30,60.92388199999999,61.005959,58.74876,59.42591899999999,58.017662,3870100,HLT
2015-05-01,59.877361,61.375319999999995,59.54904200000001,61.211158999999995,59.76059300000001,2465200,HLT
2015-05-04,61.23168199999999,61.560001,60.164639,60.30828100000001,58.87911999999999,1499500,HLT
2015-05-05,60.144118999999996,60.267239000000004,59.261761,59.59008000000001,58.177932999999996,1408600,HLT
2015-05-06,59.7132,59.979960999999996,59.07708,59.63111899999999,58.217999,1674000,HLT
2015-05-07,59.7132,60.65711999999999,59.651642,60.492962,59.059414000000004,1530800,HLT
2015-05-08,61.416359,62.483398,61.088039,61.765202,60.301514000000005,2040000,HLT
2015-05-11,60.96491999999999,61.252201,60.69815799999999,60.92388199999999,59.480132999999995,12699200,HLT
2015-05-12,60.65711999999999,60.903358,60.24671899999999,60.390361999999996,58.959247999999995,3094500,HLT
2015-05-13,60.492962,60.69815799999999,59.63111899999999,59.733718999999994,58.318172,2891200,HLT
2015-05-14,60.369839,61.067519999999995,59.93891899999999,60.534,59.099491,6242100,HLT
2015-05-15,60.821281000000006,61.23168199999999,60.410881,60.534,59.099491,5011600,HLT
2015-05-18,60.472439,60.821281000000006,60.390361999999996,60.55452,59.11951800000001,3451400,HLT
2015-05-19,60.718681000000004,61.088039,60.55452,60.718681000000004,59.279793000000005,2385700,HLT
2015-05-20,60.69815799999999,60.92388199999999,60.062038,60.780239,59.339890000000004,2086800,HLT
2015-05-21,60.800757999999995,60.800757999999995,60.021,60.082561,58.658744999999996,9917300,HLT
2015-05-22,60.062038,60.349318999999994,59.672160999999996,60.2262,58.798973,3617000,HLT
2015-05-26,60.86232,60.96491999999999,59.69268,59.856838,58.438366,3009400,HLT
2015-05-27,60.144118999999996,60.595558,59.733718999999994,60.390361999999996,58.959247999999995,3195100,HLT
2015-05-28,60.185162,60.492962,59.63111899999999,60.349318999999994,58.919174,3095300,HLT
2015-05-29,60.164639,60.3288,59.405398999999996,59.42591899999999,58.017662,4467200,HLT
2015-06-01,59.7132,60.144118999999996,59.507999,59.856838,58.438366,3460100,HLT
2015-06-02,59.69268,60.021,59.528518999999996,59.897881000000005,58.478443000000006,2869900,HLT
2015-06-03,60.2262,60.6366,60.021,60.103081,58.678771999999995,3361400,HLT
2015-06-04,59.63111899999999,60.55452,59.54904200000001,60.062038,58.638706000000006,2536400,HLT
2015-06-05,60.062038,60.369839,59.897881000000005,60.30828100000001,58.87911999999999,3076500,HLT
2015-06-08,60.30828100000001,60.349318999999994,58.871880000000004,59.01551800000001,57.616997,7089400,HLT
2015-06-09,59.097599,60.00048100000001,59.07708,59.877361,58.458408,4935700,HLT
2015-06-10,59.8158,60.164639,58.728241000000004,58.83084100000001,57.436691,5560700,HLT
2015-06-11,59.138641,59.38488,58.769279000000004,59.097599,57.697128,3791300,HLT
2015-06-12,58.789799,59.056561,58.256279000000006,58.687199,57.296448,3875000,HLT
2015-06-15,58.892399,59.28228000000001,58.256279000000006,58.317841,56.935843999999996,7119300,HLT
2015-06-16,58.21524,58.420441000000004,57.435478,57.517559,56.154532999999994,7338000,HLT
2015-06-17,57.456001,57.661201,56.614681000000004,57.312358999999994,55.954184999999995,12383900,HLT
2015-06-18,57.476521,58.83084100000001,57.476521,58.194720999999994,56.815636,18487100,HLT
2015-06-19,58.030559999999994,58.54356,57.579120999999994,57.640678,56.274723,6731100,HLT
2015-06-22,58.030559999999994,58.605121999999994,57.579120999999994,57.59964,56.234665,5411100,HLT
2015-06-23,57.558601,57.886920999999994,57.148201,57.661201,56.294768999999995,4901900,HLT
2015-06-24,57.640678,58.153679000000004,57.312358999999994,57.414958999999996,56.054359,2976200,HLT
2015-06-25,57.59964,57.948479000000006,57.209759,57.435478,56.074387,4327000,HLT
2015-06-26,57.517559,58.092121,57.06612,57.620158999999994,56.254695999999996,12658700,HLT
2015-06-29,56.943001,57.435478,56.0196,56.081161,54.752171,4051900,HLT
2015-06-30,56.5326,56.778839000000005,56.1222,56.5326,55.192917,2729400,HLT
2015-07-01,57.086639,57.517559,56.75832,57.00455899999999,55.653690000000005,2653000,HLT
2015-07-02,57.476521,57.640678,56.655719999999995,57.00455899999999,55.653690000000005,1649400,HLT
2015-07-06,56.696757999999996,57.497040000000005,56.20428100000001,57.045601,55.693748,2684300,HLT
2015-07-07,57.045601,57.271319999999996,56.20428100000001,57.148201,55.793918999999995,3029900,HLT
2015-07-08,56.71728100000001,56.75832,55.588680000000004,55.83491899999999,54.511765000000004,3127700,HLT
2015-07-09,56.45052,56.963519999999995,55.917,55.978561,54.652,2805000,HLT
2015-07-10,56.737801,57.497040000000005,56.51208100000001,57.230281999999995,55.874054,3384600,HLT
2015-07-13,57.90744,58.194720999999994,57.70224,57.804840000000006,56.435005000000004,3257200,HLT
2015-07-14,57.90744,58.317841,57.743279,58.23576,56.855713,2311600,HLT
2015-07-15,58.379397999999995,58.523041000000006,57.681720999999996,57.743279,56.374897,2591200,HLT
2015-07-16,58.338359999999994,58.461479000000004,57.866402,57.969002,56.595268000000004,2772700,HLT
2015-07-17,58.13316,58.379397999999995,57.620158999999994,58.010040000000004,56.63533,2515300,HLT
2015-07-20,58.010040000000004,58.276798,57.681720999999996,58.11264,56.735504000000006,1899800,HLT
2015-07-21,57.784321,57.90744,57.271319999999996,57.497040000000005,56.134487,2794800,HLT
2015-07-22,57.435478,57.640678,57.12768199999999,57.435478,56.074387,1991900,HLT
2015-07-23,57.39444,57.435478,54.932041000000005,55.506599,54.191219,7144700,HLT
2015-07-24,55.6092,55.670761,54.00864,55.055161,53.75048100000001,5884100,HLT
2015-07-27,54.43956,54.97308,53.885521,54.377998,53.08937099999999,4668400,HLT
2015-07-28,54.583199,55.055161,54.00864,54.357479000000005,53.069331999999996,4083500,HLT
2015-07-29,55.48608,57.271319999999996,55.301398999999996,56.86091999999999,55.513451,9417400,HLT
2015-07-30,56.59415799999999,56.778839000000005,54.419041,54.460079,53.169506000000005,7572100,HLT
2015-07-31,55.034641,55.506599,54.33696,55.096199,53.790546,4404600,HLT
2015-08-03,55.342442000000005,55.342442000000005,54.213840000000005,54.43956,53.149467,2408100,HLT
2015-08-04,54.357479000000005,54.767879,53.454601000000004,53.680321,52.408221999999995,3695700,HLT
2015-08-05,53.762402,54.808921999999995,52.592757999999996,52.900558,51.646935,8778800,HLT
2015-08-06,52.797957999999994,52.797957999999994,51.648842,52.715881,51.466644,7624400,HLT
2015-08-07,52.715881,53.290440000000004,52.182362,53.16732,51.907387,4402900,HLT
2015-08-10,53.577721,53.906040000000004,53.39304,53.782920999999995,52.50839200000001,4218600,HLT
2015-08-11,53.413559,53.823958999999995,52.941601,53.18784,51.927409999999995,2923000,HLT
2015-08-12,52.982639,53.146801,51.854038,53.023681999999994,51.835361,3113300,HLT
2015-08-13,53.064719999999994,53.310959,52.490162,53.023681999999994,51.835361,2706100,HLT
2015-08-14,52.859519999999996,53.003159,52.100281,52.572239,51.394034999999995,2190200,HLT
2015-08-17,52.469639,53.454601000000004,52.264439,53.39304,52.196442,1915600,HLT
2015-08-18,53.475120999999994,53.475120999999994,52.921082,53.023681999999994,51.835361,1209000,HLT
2015-08-19,52.900558,53.249401,52.367039,52.756919999999994,51.574577000000005,2112400,HLT
2015-08-20,52.0182,52.305481,51.094799,51.217918,50.070071999999996,3251600,HLT
2015-08-21,50.581799,51.156361,50.109840000000005,50.273998,49.147301,2970500,HLT
2015-08-24,47.442242,50.089321000000005,42.94836,48.632401,47.542496,3293700,HLT
2015-08-25,50.438159999999996,50.561279,48.304081,48.304081,47.221531,5663100,HLT
2015-08-26,49.514759000000005,50.109840000000005,48.304081,49.925159,48.806282,3280800,HLT
2015-08-27,50.520241,51.341042,49.822559000000005,51.053761,49.909595,4370800,HLT
2015-08-28,50.643359999999994,51.464161,50.397121000000006,51.38208,50.230556,2156200,HLT
2015-08-31,51.299999,51.648842,50.74596,50.951159999999994,49.809288,2129900,HLT
2015-09-01,49.90464,50.499722,49.124882,49.453201,48.344898,2140700,HLT
2015-09-02,50.130359999999996,50.23296,49.535278000000005,50.048279,48.92664,2212900,HLT
2015-09-03,50.191921,51.423119,50.089321000000005,50.725441,49.588631,2826600,HLT
2015-09-04,49.863602,50.766479,49.637878,50.479198,49.347908000000004,3508900,HLT
2015-09-08,51.361561,52.100281,51.17688,52.0182,50.852421,2448100,HLT
2015-09-09,52.469639,52.818481000000006,51.854038,52.1208,50.952717,4203900,HLT
2015-09-10,52.1208,52.715881,51.628319,52.243919,51.073074,3903700,HLT
2015-09-11,51.956638,52.551719999999996,51.771961,52.510681000000005,51.333858,2344300,HLT
2015-09-14,52.469639,52.715881,52.079762,52.264439,51.093132000000004,2525200,HLT
2015-09-15,52.264439,52.264439,50.97168,51.320518,50.170364,6693900,HLT
2015-09-16,51.48468,52.510681000000005,51.402599,52.264439,51.093132000000004,3557200,HLT
2015-09-17,52.264439,53.146801,52.079762,52.161839,50.992844,2200200,HLT
2015-09-18,50.910118,50.910118,49.124882,49.16592,48.064056,6746000,HLT
2015-09-21,49.453201,49.966202,49.145401,49.309559,48.204475,2727700,HLT
2015-09-22,48.632401,48.796558000000005,47.9142,48.591358,47.502373,3014300,HLT
2015-09-23,48.468239000000004,48.693958,47.852638,47.934719,46.860447,3154200,HLT
2015-09-24,47.8116,48.098881,47.216518,47.585879999999996,46.519432,3421700,HLT
2015-09-25,47.852638,47.934719,47.052361,47.38068,46.318825,2958600,HLT
2015-09-28,47.07288,47.154961,45.082439,45.226082,44.212513,3792500,HLT
2015-09-29,45.410759000000006,45.636478000000004,44.610481,44.938801,43.931675,2987100,HLT
2015-09-30,45.349201,47.07288,45.144001,47.07288,46.017925,4732000,HLT
2015-10-01,47.195999,49.16592,47.17548,48.180962,47.101177,7969800,HLT
2015-10-02,47.503799,48.55032,46.806121999999995,48.386162,47.301773,16812600,HLT
2015-10-05,48.673439,49.227482,48.570839,49.16592,48.064056,2934500,HLT
2015-10-06,49.309559,49.59684,48.632401,48.817081,47.723034000000006,2053000,HLT
2015-10-07,48.940201,50.130359999999996,48.837601,49.678921,48.565567,3078200,HLT
2015-10-08,49.617359,51.566761,49.350601,51.07428,49.929646000000005,3393700,HLT
2015-10-09,51.115318,51.833519,50.684399,51.730919,50.571571,2792400,HLT
2015-10-12,51.669361,52.264439,51.48468,51.751438,50.591633,1810800,HLT
2015-10-13,51.156361,51.895081,50.889599,51.299999,50.150311,2813200,HLT
2015-10-14,51.17688,51.525719,50.00724,50.109840000000005,48.986824,2675700,HLT
2015-10-15,50.54076,50.786999,48.981239,50.643359999999994,49.508381,4074200,HLT
2015-10-16,50.150878999999996,50.520241,49.248001,49.69944,48.585617,3176900,HLT
2015-10-19,49.617359,50.02776,49.39164,49.59684,48.485321,1995500,HLT
2015-10-20,49.802040000000005,51.156361,49.719959,51.135841,49.98983,2995700,HLT
2015-10-21,51.402599,52.059238,50.253479,50.376598,49.247603999999995,2132700,HLT
2015-10-22,50.889599,52.202881,50.725441,51.751438,50.591633,3245500,HLT
2015-10-23,51.115318,51.854038,50.294521,50.397121000000006,49.267672999999995,5183100,HLT
2015-10-26,50.417640999999996,51.58728,50.33556,51.299999,50.150311,2367500,HLT
2015-10-27,51.341042,52.941601,50.479198,51.936119,50.772179,4740200,HLT
2015-10-28,53.434078,53.906040000000004,50.068802000000005,51.48468,50.330849,8571000,HLT
2015-10-29,50.889599,51.730919,50.273998,51.6078,50.451214,2736200,HLT
2015-10-30,51.628319,51.813,50.930640999999994,51.27948,50.130249,1805300,HLT
2015-11-02,51.648842,52.305481,51.320518,51.895081,50.732056,2283400,HLT
2015-11-03,51.68988,52.756919999999994,51.156361,52.469639,51.293739,2887100,HLT
2015-11-04,52.674839,52.736401,51.79248,52.141319,50.972771,2219700,HLT
2015-11-05,52.059238,53.105759,51.936119,52.674839,51.494343,1775000,HLT
2015-11-06,52.736401,53.372519999999994,52.243919,52.61328100000001,51.434162,1513900,HLT
2015-11-09,52.305481,52.490162,51.423119,52.202881,51.032955,1966100,HLT
2015-11-10,52.161839,52.797957999999994,51.977160999999995,52.736401,51.554520000000004,1924200,HLT
2015-11-11,53.003159,53.146801,52.469639,52.5312,51.353924,1589100,HLT
2015-11-12,51.997681,52.059238,51.320518,51.546242,50.391028999999996,2146000,HLT
2015-11-13,51.320518,51.443642,49.925159,50.109840000000005,48.986824,2519800,HLT
2015-11-16,49.658401,49.69944,47.585879999999996,48.919682,47.823334,10488900,HLT
2015-11-17,49.28904,49.37112,47.278079999999996,47.503799,46.43919,6608100,HLT
2015-11-18,47.6064,48.139919,47.07288,48.037319000000004,46.960751,5659000,HLT
2015-11-19,48.222,48.509281,47.79108,48.222,47.141296000000004,2292500,HLT
2015-11-20,48.796558000000005,49.145401,47.9142,48.263039,47.181412,2115900,HLT
2015-11-23,48.3246,49.37112,48.3246,48.509281,47.422131,1807400,HLT
2015-11-24,47.401199,48.222,47.278079999999996,48.1194,47.108971000000004,2924800,HLT
2015-11-25,48.180962,48.5298,47.68848,47.893681,46.887993,2450600,HLT
2015-11-27,47.729519,47.996281,47.6064,47.8116,46.807632,906600,HLT
2015-11-30,47.79108,47.934719,47.031841,47.647442,46.646927000000005,2455200,HLT
2015-12-01,48.0168,48.468239000000004,47.6064,48.406681,47.390221000000004,1907300,HLT
2015-12-02,48.304081,48.365639,47.48328,47.79108,46.787552000000005,2069200,HLT
2015-12-03,48.776039000000004,48.899158,46.252078999999995,46.86768,45.883533,2999000,HLT
2015-12-04,47.113918,47.626919,46.847159999999995,47.298598999999996,46.305401,2127300,HLT
2015-12-07,47.339642,47.503799,45.964802,46.518840999999995,45.542027000000004,2941500,HLT
2015-12-08,45.513359,46.416241,45.390240000000006,46.211040000000004,45.240688,1987200,HLT
2015-12-09,46.067402,46.765079,44.610481,44.610481,43.673737,5317000,HLT
2015-12-10,44.85672,45.574921,44.672039,45.328678000000004,44.376853999999994,3751600,HLT
2015-12-11,44.672039,44.918282,44.118,44.733601,43.794266,3626200,HLT
2015-12-14,44.405281,44.897758,42.907318,43.666561,42.749634,5520300,HLT
2015-12-15,44.159039,44.589958,43.7076,43.78968,42.870166999999995,3442400,HLT
2015-12-16,44.200081,48.65292,44.0154,46.067402,45.10006,9301700,HLT
2015-12-17,46.929241,46.94976,45.349201,45.390240000000006,44.437115000000006,3477900,HLT
2015-12-18,45.18504,45.903240000000004,43.871761,44.035919,43.11124,3741200,HLT
2015-12-21,44.179562,44.405281,43.543442,43.851238,42.930431,4114100,HLT
2015-12-22,43.8102,45.123482,43.666561,44.65152,43.713909,4923700,HLT
2015-12-23,44.672039,45.390240000000006,44.035919,45.226082,44.276405,3595100,HLT
2015-12-24,45.18504,45.390240000000006,44.75412,44.877239,43.934886999999996,717300,HLT
2015-12-28,44.795158,45.082439,44.2206,44.692558,43.754089,1498600,HLT
2015-12-29,44.95932,45.102959000000006,44.343719,44.713081,43.774178000000006,1268600,HLT
2015-12-30,44.466839,44.897758,44.261639,44.3232,43.392487,1604300,HLT
2015-12-31,44.282162,44.836201,43.9128,43.9128,42.990707,1688000,HLT
2016-01-04,43.502399,43.646042,42.373798,43.27668,42.367939,3512100,HLT
2016-01-05,43.297199,43.8102,42.927841,43.297199,42.388031,2215300,HLT
2016-01-06,42.53796,42.661079,40.711681,41.040001000000004,40.178226,6963300,HLT
2016-01-07,40.260239,40.691158,39.27528,39.500999,38.671547,13039400,HLT
2016-01-08,39.972961,40.629601,39.254761,39.295799,38.470653999999996,3435900,HLT
2016-01-11,39.521519,40.301281,38.987999,39.48048,38.651455,4270800,HLT
2016-01-12,39.870360999999995,40.362839,39.439442,40.137119,39.294304,3502200,HLT
2016-01-13,39.993481,40.198681,37.941479,38.044078999999996,37.245209,5022400,HLT
2016-01-14,37.120682,37.818359,36.135719,37.756802,36.96397,5821200,HLT
2016-01-15,36.54612,36.730801,35.540642,36.423,35.658169,5868100,HLT
2016-01-19,36.771839,36.915482,34.76088,35.520119,34.774254,3537600,HLT
2016-01-20,34.925041,37.038601,33.16032,36.402481,35.638084,8575300,HLT
2016-01-21,36.381962,38.249279,36.340919,37.674721000000005,36.883614,7649800,HLT
2016-01-22,38.290321,38.721241,36.936001,37.49004,36.702816,4069100,HLT
2016-01-25,37.469521,37.715759000000006,35.479079999999996,35.745838,34.995228000000004,4192000,HLT
2016-01-26,36.094681,38.023559999999996,35.868961,37.941479,37.144764,4570600,HLT
2016-01-27,37.613159,37.962002000000005,36.5256,36.771839,35.999687,3543100,HLT
2016-01-28,37.26432,37.28484,35.130241,35.253361,34.513103,4624400,HLT
2016-01-29,35.438041999999996,36.54612,35.232841,36.54612,35.778709,4175200,HLT
2016-02-01,36.464039,37.05912,35.951038,36.85392,36.080044,2887200,HLT
2016-02-02,36.279362,36.279362,35.06868,35.458560999999996,34.713989,3482300,HLT
2016-02-03,35.68428,35.930519,34.042679,35.725319,34.975143,3050900,HLT
2016-02-04,35.37648,37.243801,35.294399,37.120682,36.341209,3505700,HLT
2016-02-05,36.997559,37.16172,35.8074,36.1152,35.356834,3374800,HLT
2016-02-08,35.7048,36.176762,35.048161,35.868961,35.115772,5068300,HLT
2016-02-09,35.7048,37.407959000000005,35.335442,36.197281,35.437195,3629100,HLT
2016-02-10,36.381962,37.654202000000005,36.361439000000004,37.100159000000005,36.321114,3420300,HLT
2016-02-11,36.279362,36.894958,35.971561,36.628201000000004,35.859074,5605700,HLT
2016-02-12,37.141201,38.249279,36.936001,38.044078999999996,37.245209,4209800,HLT
2016-02-16,38.659679,39.234241,37.879921,38.96748,38.149223,3867300,HLT
2016-02-17,39.193199,40.609081,39.193199,40.4244,39.57555,4682300,HLT
2016-02-18,40.280762,40.978439,39.07008,40.239719,39.394749,4251600,HLT
2016-02-19,40.034519,40.937401,39.17268,40.793758000000004,39.937153,5255500,HLT
2016-02-22,41.368320000000004,42.045479,40.1166,40.834801,39.977337,3418400,HLT
2016-02-23,40.732201,41.676121,40.588558,40.793758000000004,39.937153,2867300,HLT
2016-02-24,40.4244,40.916882,39.459961,40.814281,39.957249,3419000,HLT
2016-02-25,40.896358,41.614559,40.362839,41.450401,40.580009000000004,2662600,HLT
2016-02-26,43.605,43.994881,41.553001,42.476397999999996,41.584461,6245200,HLT
2016-02-29,42.476397999999996,42.702121999999996,41.347801000000004,42.64056,41.745178,5197200,HLT
2016-03-01,43.050961,43.399799,42.33276,42.989399,42.086693,2996700,HLT
2016-03-02,43.009918,43.9128,42.989399,43.892281,42.970615,3146600,HLT
2016-03-03,43.8102,44.44632,43.58448,44.302681,43.372391,2253200,HLT
2016-03-04,44.487358,44.938801,44.056438,44.918282,43.975075,2764100,HLT
2016-03-07,44.692558,45.020882,44.138519,44.241119,43.312126,2571800,HLT
2016-03-08,43.871761,43.974361,42.927841,42.96888,42.066596999999994,2872000,HLT
2016-03-09,43.215118,43.317719,42.107040000000005,42.620041,41.72509,2338500,HLT
2016-03-10,42.907318,43.009918,41.26572,42.086521000000005,41.202778,2573900,HLT
2016-03-11,42.661079,43.625519,41.942879,43.625519,42.709454,2795500,HLT
2016-03-14,44.405281,44.589958,43.666561,43.728119,42.809898,4016400,HLT
2016-03-15,43.399799,43.563961,42.927841,43.338242,42.428204,2036400,HLT
2016-03-16,43.050961,43.7076,42.804722,43.563961,42.718185,3070000,HLT
2016-03-17,43.37928,43.646042,42.578998999999996,43.58448,42.738312,2348000,HLT
2016-03-18,43.871761,45.390240000000006,43.871761,45.16452,44.28767,4138500,HLT
2016-03-21,45.390240000000006,46.375198,45.26712,45.985321,45.092541,4822400,HLT
2016-03-22,45.390240000000006,45.903240000000004,45.082439,45.718559,44.830956,4440900,HLT
2016-03-23,45.69804,45.821159,44.75412,45.020882,44.146824,2723400,HLT
2016-03-24,44.815681,45.28764,44.4258,45.28764,44.408401,3913100,HLT
2016-03-28,45.574921,46.087921,44.569439,45.718559,44.830956,3011400,HLT
2016-03-29,45.739079,46.169998,45.36972,46.087921,45.19315,3021000,HLT
2016-03-30,46.457279,46.74456,45.923759000000004,46.64196,45.736431,3100000,HLT
2016-03-31,46.662479,46.970279999999995,46.12896,46.211040000000004,45.313873,1922100,HLT
2016-04-01,45.26712,45.451801,44.076962,45.16452,44.28767,7315200,HLT
2016-04-04,45.226082,45.780121,44.836201,45.533878,44.649864,2209400,HLT
2016-04-05,45.082439,45.144001,44.487358,44.815681,43.945606,3276600,HLT
2016-04-06,44.75412,45.677521,44.384762,45.657001,44.770596000000005,3131400,HLT
2016-04-07,45.246601,45.533878,44.95932,45.349201,44.468773,3204500,HLT
2016-04-08,45.882721000000004,46.416241,45.574921,45.759602,44.871208,2762900,HLT
2016-04-11,46.02636,46.559878999999995,45.739079,45.759602,44.871208,2507500,HLT
2016-04-12,46.375198,46.908718,45.944278999999995,46.087921,45.19315,4462000,HLT
2016-04-13,46.231559999999995,46.826640999999995,46.00584,46.785599,45.877274,2841900,HLT
2016-04-14,46.929241,47.216518,46.580399,46.600922,45.69619,2260200,HLT
2016-04-15,46.416241,46.682999,45.718559,46.149479,45.253506,2432600,HLT
2016-04-18,46.12896,46.231559999999995,45.410759000000006,45.615959000000004,44.730343,3384200,HLT
2016-04-19,45.657001,46.067402,45.308159,45.780121,44.891323,2436500,HLT
2016-04-20,45.944278999999995,45.964802,44.979839,44.979839,44.106578999999996,5996400,HLT
2016-04-21,45.18504,46.169998,45.18504,45.390240000000006,44.509007000000004,4251900,HLT
2016-04-22,45.246601,45.636478000000004,44.118,44.4258,43.563293,4794000,HLT
2016-04-25,44.507881,45.18504,44.507881,44.610481,43.744389,3844100,HLT
2016-04-26,44.610481,44.815681,43.543442,44.405281,43.543167,5203600,HLT
2016-04-27,44.076962,46.169998,43.974361,45.718559,44.830956,4117200,HLT
2016-04-28,45.533878,46.518840999999995,45.26712,45.636478000000004,44.750469,4018800,HLT
2016-04-29,45.59544,45.69804,44.897758,45.246601,44.368159999999996,2915400,HLT
2016-05-02,45.533878,45.69804,45.020882,45.657001,44.770596000000005,3118300,HLT
2016-05-03,45.18504,45.821159,45.102959000000006,45.554401,44.669990999999996,3166900,HLT
2016-05-04,45.18504,45.574921,44.918282,45.226082,44.348038,4359600,HLT
2016-05-05,45.328678000000004,45.69804,45.082439,45.226082,44.348038,1761900,HLT
2016-05-06,44.877239,45.410759000000006,44.631001,45.205559,44.327919,2451600,HLT
2016-05-09,45.16452,45.472321,44.815681,45.431278000000006,44.549248,2113600,HLT
2016-05-10,45.759602,47.031841,45.246601,46.86768,45.957767,4084800,HLT
2016-05-11,46.559878999999995,46.847159999999995,45.554401,45.718559,44.830956,4019800,HLT
2016-05-12,45.80064,45.923759000000004,44.487358,45.000359,44.126698,3265500,HLT
2016-05-13,44.815681,45.410759000000006,44.035919,44.118,43.261466999999996,2875500,HLT
2016-05-16,44.2206,44.836201,44.056438,44.65152,43.784634000000004,2151000,HLT
2016-05-17,44.487358,45.06192,44.159039,44.631001,43.764511,3917500,HLT
2016-05-18,44.179562,44.733601,42.84576,43.256161,42.482994,5630900,HLT
2016-05-19,41.922359,42.394321000000005,41.553001,42.312241,41.555943,8099800,HLT
2016-05-20,42.353279,42.681599,42.066002000000005,42.148078999999996,41.394714,3129800,HLT
2016-05-23,42.066002000000005,42.64056,41.963402,42.312241,41.555943,3892900,HLT
2016-05-24,42.578998999999996,43.050961,42.02496,42.76368,41.999313,2877000,HLT
2016-05-25,42.784199,43.256161,42.045479,43.009918,42.241158,4668100,HLT
2016-05-26,43.07148,43.091999,41.963402,42.066002000000005,41.314106,2600800,HLT
2016-05-27,42.127559999999995,42.76368,42.066002000000005,42.578998999999996,41.817935999999996,2288800,HLT
2016-05-31,42.661079,42.886798999999996,42.189121,42.64056,41.878399,3399000,HLT
2016-06-01,42.64056,43.030440999999996,42.558479,42.96888,42.200844000000004,1708300,HLT
2016-06-02,43.009918,44.589958,42.804722,44.343719,43.551109000000004,4807700,HLT
2016-06-03,44.159039,44.631001,43.605,44.569439,43.7728,6970700,HLT
2016-06-06,44.631001,45.308159,44.569439,45.16452,44.357246,5536500,HLT
2016-06-07,45.205559,45.390240000000006,44.733601,44.795158,43.994479999999996,2055700,HLT
2016-06-08,44.877239,45.082439,44.076962,44.569439,43.7728,2732500,HLT
2016-06-09,44.364239000000005,44.5284,43.9128,44.3232,43.53096,1697600,HLT
2016-06-10,43.830719,43.851238,43.112518,43.461361,42.684532,2509600,HLT
2016-06-13,43.399799,44.0154,43.194599,43.461361,42.684532,2520000,HLT
2016-06-14,43.153560999999996,43.646042,43.112518,43.37928,42.603905,2849500,HLT
2016-06-15,43.605,45.082439,43.502399,44.487358,43.692192,4476600,HLT
2016-06-16,44.2206,44.733601,43.543442,44.610481,43.813109999999995,3610100,HLT
2016-06-17,44.610481,46.149479,44.610481,46.10844,45.284298,5036100,HLT
2016-06-20,46.600922,47.770561,46.539359999999995,47.524319,46.674865999999994,6271200,HLT
2016-06-21,47.48328,47.544841999999996,46.703522,46.929241,46.090424,4007300,HLT
2016-06-22,47.134440999999995,47.585879999999996,46.785599,46.929241,46.090424,2609700,HLT
2016-06-23,47.544841999999996,48.4272,47.298598999999996,48.078362,47.219006,5248100,HLT
2016-06-24,46.046879,46.888199,44.610481,44.836201,44.034797999999995,8209600,HLT
2016-06-27,44.384762,44.384762,42.804722,43.358761,42.583759,6493400,HLT
2016-06-28,44.035919,44.507881,43.358761,44.159039,43.369735999999996,3747400,HLT
2016-06-29,44.75412,46.580399,44.75412,45.739079,44.921539,5680300,HLT
2016-06-30,45.944278999999995,46.252078999999995,45.431278000000006,46.231559999999995,45.405209,4422300,HLT
2016-07-01,46.33416,47.052361,46.33416,46.94976,46.110577,1968700,HLT
2016-07-05,46.703522,46.826640999999995,45.513359,45.923759000000004,45.102921,2250900,HLT
2016-07-06,45.759602,46.33416,45.49284,46.313641,45.485825,2381300,HLT
2016-07-07,46.416241,47.216518,46.375198,46.86768,46.029961,3424600,HLT
2016-07-08,47.462761,47.9142,47.339642,47.873160999999996,47.017466999999996,1721300,HLT
2016-07-11,48.222,48.365639,47.955238,48.139919,47.279465,1814100,HLT
2016-07-12,48.611881,49.124882,48.447720000000004,48.755520000000004,47.88406,5553600,HLT
2016-07-13,48.714481,48.796558000000005,47.647442,48.468239000000004,47.60191,3316600,HLT
2016-07-14,48.85812,49.063320000000004,48.5298,48.65292,47.783295,1434900,HLT
2016-07-15,48.386162,49.042801000000004,48.139919,48.817081,47.944519,1852800,HLT
2016-07-18,48.85812,49.350601,48.755520000000004,49.227482,48.347588,3150800,HLT
2016-07-19,48.5298,49.309559,48.283561999999996,49.022282000000004,48.146049,3320200,HLT
2016-07-20,49.309559,49.576321,48.837601,49.248001,48.367733,3272800,HLT
2016-07-21,49.083839000000005,50.130359999999996,48.96072,49.186440000000005,48.307278000000004,4259900,HLT
2016-07-22,49.186440000000005,49.986721,48.96072,49.945679,49.052952000000005,3713500,HLT
2016-07-25,49.884121,50.109840000000005,49.063320000000004,49.124882,48.246819,3072600,HLT
2016-07-26,49.042801000000004,49.309559,48.878639,48.981239,48.105746999999994,4405200,HLT
2016-07-27,48.632401,48.837601,47.462761,47.544841999999996,46.695023,8082100,HLT
2016-07-28,47.38068,47.401199,46.416241,46.970279999999995,46.13073,5283200,HLT
2016-07-29,46.806121999999995,47.647442,46.703522,47.585879999999996,46.735325,5408800,HLT
2016-08-01,47.503799,47.955238,47.237041,47.852638,46.997318,2403300,HLT
2016-08-02,47.565360999999996,47.975761,46.354679,46.929241,46.090424,2429900,HLT
2016-08-03,46.724041,47.462761,46.293121,46.847159999999995,46.009803999999995,3318400,HLT
2016-08-04,46.847159999999995,47.442242,46.682999,47.360161,46.513641,2374700,HLT
2016-08-05,47.667961,48.304081,47.544841999999996,48.1194,47.259308000000004,1965000,HLT
2016-08-08,48.222,49.206959000000005,48.139919,48.878639,48.004978,3835600,HLT
2016-08-09,48.755520000000004,49.28904,48.406681,48.591358,47.722836,6379900,HLT
2016-08-10,48.673439,48.940201,48.037319000000004,48.345119,47.480995,3879300,HLT
2016-08-11,48.570839,49.001759,48.406681,48.55032,47.682526,4978500,HLT
2016-08-12,48.365639,49.104359,48.283561999999996,49.063320000000004,48.186352,3507400,HLT
2016-08-15,49.227482,49.514759000000005,48.85812,49.494240000000005,48.609573,2933700,HLT
2016-08-16,49.432678,50.109840000000005,49.206959000000005,50.00724,49.113411,3383900,HLT
2016-08-17,49.863602,49.966202,49.514759000000005,49.822559000000005,49.000622,7279400,HLT
2016-08-18,49.719959,49.945679,49.535278000000005,49.555801,48.738265999999996,6605100,HLT
2016-08-19,49.350601,49.617359,49.227482,49.59684,48.778625,2358100,HLT
2016-08-22,49.494240000000005,49.69944,49.309559,49.555801,48.738265999999996,1300300,HLT
2016-08-23,49.658401,49.925159,49.494240000000005,49.514759000000005,48.697891,1938500,HLT
2016-08-24,49.514759000000005,49.884121,49.124882,49.59684,48.778625,2204600,HLT
2016-08-25,49.494240000000005,49.678921,49.227482,49.658401,48.839169,1580200,HLT
2016-08-26,49.576321,49.90464,48.981239,49.28904,48.475895,2453300,HLT
2016-08-29,49.26852,49.617359,49.206959000000005,49.248001,48.435534999999994,1917300,HLT
2016-08-30,49.37112,49.473721000000005,48.570839,48.796558000000005,47.991543,4598600,HLT
2016-08-31,48.304081,49.206959000000005,48.304081,48.981239,48.173183,2733300,HLT
2016-09-01,49.37112,49.37112,48.4272,48.776039000000004,47.971359,4685600,HLT
2016-09-02,48.509281,49.145401,48.488762,48.714481,47.91082,1457300,HLT
2016-09-06,48.714481,48.796558000000005,48.139919,48.488762,47.688824,1354000,HLT
2016-09-07,48.509281,48.755520000000004,48.386162,48.5298,47.729186999999996,1443800,HLT
2016-09-08,48.447720000000004,48.65292,47.934719,48.037319000000004,47.244827,1987200,HLT
2016-09-09,47.6064,47.79108,46.580399,46.64196,45.872486,4347100,HLT
2016-09-12,46.272597999999995,47.503799,46.169998,47.298598999999996,46.518299,3783100,HLT
2016-09-13,46.806121999999995,47.319117999999996,46.74456,47.052361,46.276119,2821600,HLT
2016-09-14,47.031841,47.667961,46.621441,47.462761,46.679752,2957200,HLT
2016-09-15,47.278079999999996,47.770561,47.278079999999996,47.401199,46.619198,2129400,HLT
2016-09-16,47.237041,47.565360999999996,47.093399,47.257560999999995,46.477932,2340700,HLT
2016-09-19,47.442242,47.709,47.113918,47.237041,46.457745,1670000,HLT
2016-09-20,47.462761,48.139919,47.421719,47.832119,47.043015000000004,2565300,HLT
2016-09-21,47.8116,47.893681,47.011318,47.832119,47.043015000000004,4356200,HLT
2016-09-22,48.057838000000004,48.570839,48.0168,48.365639,47.567734,2025100,HLT
2016-09-23,48.098881,48.632401,48.057838000000004,48.4272,47.628277000000004,1511500,HLT
2016-09-26,47.996281,48.160439000000004,47.031841,47.093399,46.316483000000005,3066400,HLT
2016-09-27,47.17548,47.503799,47.093399,47.319117999999996,46.538478999999995,1780400,HLT
2016-09-28,47.48328,47.626919,46.662479,46.908718,46.13485,6334200,HLT
2016-09-29,46.785599,47.401199,46.498321999999995,46.826640999999995,46.054123,4898900,HLT
2016-09-30,46.888199,47.442242,46.785599,47.052361,46.276119,2799400,HLT
2016-10-03,47.07288,47.38068,46.826640999999995,46.94976,46.175216999999996,1738500,HLT
2016-10-04,47.154961,47.278079999999996,46.621441,46.847159999999995,46.074298999999996,3495500,HLT
2016-10-05,46.806121999999995,47.031841,46.539359999999995,46.662479,45.892672999999995,2435700,HLT
2016-10-06,46.682999,46.826640999999995,46.00584,46.231559999999995,45.468857,3090600,HLT
2016-10-07,46.252078999999995,46.518840999999995,45.821159,46.02636,45.267044,1582100,HLT
2016-10-10,46.293121,47.093399,46.231559999999995,46.847159999999995,46.074298999999996,3368100,HLT
2016-10-11,46.724041,46.847159999999995,46.169998,46.272597999999995,45.50922,3558100,HLT
2016-10-12,46.313641,46.806121999999995,46.169998,46.682999,45.912853000000005,3019600,HLT
2016-10-13,46.12896,46.929241,45.636478000000004,46.621441,45.852303000000006,3303100,HLT
2016-10-14,46.785599,47.360161,46.724041,46.970279999999995,46.195393,4657800,HLT
2016-10-17,46.806121999999995,47.237041,46.64196,46.682999,45.912853000000005,2450800,HLT
2016-10-18,47.113918,47.442242,46.847159999999995,47.257560999999995,46.477932,2298000,HLT
2016-10-19,47.462761,47.873160999999996,47.257560999999995,47.401199,46.619198,1922200,HLT
2016-10-20,47.401199,47.544841999999996,46.847159999999995,47.195999,46.417389,3499100,HLT
2016-10-21,46.990798999999996,47.421719,46.682999,47.011318,46.235748,2714000,HLT
2016-10-24,48.263039,48.755520000000004,46.990798999999996,47.07288,46.296299,9890900,HLT
2016-10-25,46.765079,47.011318,46.43676,46.64196,45.872486,3552500,HLT
2016-10-26,45.36972,46.00584,45.144001,45.80064,45.045052,7565400,HLT
2016-10-27,44.733601,45.882721000000004,44.733601,45.657001,44.903782,5190400,HLT
2016-10-28,45.69804,46.00584,45.328678000000004,45.657001,44.903782,3663600,HLT
2016-10-31,46.375198,46.580399,46.10844,46.375198,45.610126,5513100,HLT
2016-11-01,46.682999,46.682999,45.451801,46.046879,45.287224,3070700,HLT
2016-11-02,46.046879,46.559878999999995,45.69804,45.759602,45.004692,3854400,HLT
2016-11-03,45.985321,46.682999,45.657001,45.718559,44.964325,3421600,HLT
2016-11-04,45.677521,46.724041,45.677521,46.354679,45.589946999999995,4480200,HLT
2016-11-07,46.888199,47.07288,46.662479,47.011318,46.235748,3188900,HLT
2016-11-08,46.293121,48.160439000000004,46.02636,47.8116,47.092953,3854000,HLT
2016-11-09,47.360161,48.693958,46.539359999999995,48.447720000000004,47.719516999999996,4268600,HLT
2016-11-10,48.406681,48.55032,47.934719,48.139919,47.416344,10535500,HLT
2016-11-11,48.242519,48.693958,48.078362,48.65292,47.921627,3629900,HLT
2016-11-14,48.817081,50.273998,48.5298,49.90464,49.154537,6655800,HLT
2016-11-15,49.90464,50.356079,49.781521000000005,50.253479,49.498135,3906100,HLT
2016-11-16,50.089321000000005,50.828041,50.089321000000005,50.376598,49.619392,4199800,HLT
2016-11-17,50.376598,50.643359999999994,49.925159,50.417640999999996,49.659828000000005,5008500,HLT
2016-11-18,50.438159999999996,50.561279,49.966202,50.109840000000005,49.356646999999995,3329400,HLT
2016-11-21,50.33556,50.581799,50.171397999999996,50.54076,49.78109,3861000,HLT
2016-11-22,50.663879,51.033241,50.561279,50.992199,50.225742,3022400,HLT
2016-11-23,50.97168,51.423119,50.622840999999994,51.361561,50.58955,3400900,HLT
2016-11-25,51.505199,52.2234,51.443642,51.936119,51.155479,1087600,HLT
2016-11-28,51.648842,51.854038,50.889599,50.910118,50.144901000000004,5419300,HLT
2016-11-29,51.07428,51.566761,50.828041,50.910118,50.144901000000004,5103800,HLT
2016-11-30,50.889599,51.58728,50.561279,51.443642,50.670406,5181500,HLT
2016-12-01,51.68988,52.079762,51.258961,51.730919,50.953365000000005,8746500,HLT
2016-12-02,51.628319,52.059238,51.525719,51.833519,51.054424,4477200,HLT
2016-12-05,52.96212,53.639278000000004,52.510681000000005,53.536678,52.73198299999999,8980200,HLT
2016-12-06,53.70084,54.049679000000005,53.372519999999994,53.988121,53.17664,7967500,HLT
2016-12-07,54.090720999999995,55.978561,53.885521,55.48608,54.652081,8609200,HLT
2016-12-08,55.506599,56.060638,53.741879000000004,53.84447900000001,53.035152000000004,5862200,HLT
2016-12-09,54.13176,55.055161,53.885521,54.419041,53.601078,3599500,HLT
2016-12-12,53.988121,54.172798,52.797957999999994,53.331478000000004,52.529865,6675000,HLT
2016-12-13,53.577721,54.254879,53.454601000000004,54.13176,53.318118999999996,4144100,HLT
2016-12-14,54.234359999999995,55.17828000000001,53.967602,54.74736,53.924461,7132900,HLT
2016-12-15,55.362961,56.20428100000001,55.014118,56.040119,55.19779200000001,7545700,HLT
2016-12-16,56.183762,56.573639,55.773361,56.491562,55.642448,8102200,HLT
2016-12-19,56.5326,57.189240000000005,56.368439,56.840401,55.98605,10293100,HLT
2016-12-20,56.963519999999995,57.353401,56.696757999999996,56.922481999999995,56.066894999999995,6540700,HLT
2016-12-21,57.107158999999996,57.353401,56.819881,56.90195799999999,56.046677,5141400,HLT
2016-12-22,56.984039,57.209759,56.1222,56.3274,55.480755,3401400,HLT
2016-12-23,56.20428100000001,56.43,56.0196,56.163239000000004,55.319056999999994,1534900,HLT
2016-12-27,56.45052,56.655719999999995,56.1222,56.286362,55.440334,3147300,HLT
2016-12-28,56.471039000000005,56.55311999999999,55.445042,55.506599,54.672287,5389400,HLT
2016-12-29,55.670761,55.999081000000004,55.301398999999996,55.917,55.076519,1376100,HLT
2016-12-30,55.917,56.1222,55.465561,55.8144,54.975468000000006,2213200,HLT
2017-01-03,56.573639,56.676239,55.403999,56.20428100000001,55.35948199999999,3328000,HLT
2017-01-04,57.299999,59.759997999999996,57.299999,58.0,57.128212,5614500,HLT
2017-01-05,58.060001,58.419998,56.84,57.32,56.458439,5122200,HLT
2017-01-06,57.18,57.560001,56.23,57.470001,56.606182,3359000,HLT
2017-01-09,57.299999,57.299999,56.48,56.959998999999996,56.103843999999995,3921800,HLT
2017-01-10,56.959998999999996,57.0,55.779999,56.02,55.177971,3384700,HLT
2017-01-11,55.759997999999996,56.310001,55.709998999999996,56.0,55.158276,2781500,HLT
2017-01-12,56.110001000000004,56.299999,55.0,55.400002,54.567299,7378600,HLT
2017-01-13,55.57,56.25,55.48,56.220001,55.374977,3058600,HLT
2017-01-17,56.32,56.32,55.68,56.09,55.24691800000001,2828900,HLT
2017-01-18,56.130001,56.950001,56.02,56.950001,56.093998,2854600,HLT
2017-01-19,57.490002000000004,57.91,57.279999,57.5,56.635735,4200900,HLT
2017-01-20,57.540001000000004,58.080002,57.540001000000004,57.700001,56.832726,2350500,HLT
2017-01-23,57.709998999999996,57.84,57.189999,57.75,56.881972999999995,2315200,HLT
2017-01-24,58.009997999999996,58.299999,57.709998999999996,58.099998,57.226715000000006,1857100,HLT
2017-01-25,58.099998,58.939999,58.099998,58.779999,57.896488,1993100,HLT
2017-01-26,59.049999,59.27,58.68,58.75,57.866943000000006,2989000,HLT
2017-01-27,58.869999,59.0,58.470001,58.549999,57.669949,1336000,HLT
2017-01-30,58.240002000000004,58.380001,57.630001,58.040001000000004,57.167614,1719500,HLT
2017-01-31,57.77,57.959998999999996,57.57,57.580002,56.71453100000001,2273900,HLT
2017-02-01,57.93,58.110001000000004,57.23,57.349998,56.48798000000001,3689900,HLT
2017-02-02,57.529999,57.689999,57.130001,57.299999,56.438736,2620000,HLT
2017-02-03,57.330002,57.82,57.299999,57.799999,56.931217000000004,1353200,HLT
2017-02-06,57.560001,58.23,57.389998999999996,57.720001,56.852421,1710400,HLT
2017-02-07,57.98,58.240002000000004,57.630001,57.810001,56.941074,2061400,HLT
2017-02-08,57.720001,58.43,57.470001,58.259997999999996,57.384308,1024900,HLT
2017-02-09,58.259997999999996,58.919998,58.189999,58.639998999999996,57.75859499999999,1476800,HLT
2017-02-10,58.84,58.84,58.48,58.689999,57.807846,1191000,HLT
2017-02-13,58.869999,59.169998,58.639998999999996,58.849998,57.965439,1915300,HLT
2017-02-14,58.790001000000004,58.91,58.419998,58.470001,57.591152,2317300,HLT
2017-02-15,58.419998,59.84,57.5,59.459998999999996,58.566272999999995,4716200,HLT
2017-02-16,59.540001000000004,60.490002000000004,59.139998999999996,59.240002000000004,58.349579000000006,3145300,HLT
2017-02-17,59.029999,59.029999,58.060001,58.5,57.620697,2778200,HLT
2017-02-21,58.650002,58.650002,57.98,58.02,57.147915000000005,2058800,HLT
2017-02-22,57.869999,58.139998999999996,57.599998,57.849998,56.980472999999996,2581000,HLT
2017-02-23,58.09,58.209998999999996,57.119999,57.209998999999996,56.35008199999999,1614900,HLT
2017-02-24,57.32,58.009997999999996,57.18,57.779999,56.911522,1511300,HLT
2017-02-27,57.77,58.099998,57.41,58.02,57.147915000000005,1396000,HLT
2017-02-28,58.040001000000004,58.18,57.049999,57.200001,56.34024,2634800,HLT
2017-03-01,57.889998999999996,58.189999,57.52,57.700001,56.832726,2753700,HLT
2017-03-02,57.52,58.34,57.34,58.169998,57.295654000000006,2835800,HLT
2017-03-03,57.720001,57.790001000000004,56.470001,57.75,56.881972999999995,3303400,HLT
2017-03-06,57.439999,57.599998,56.970001,57.310001,56.448586,1804300,HLT
2017-03-07,57.220001,57.220001,56.299999,56.639998999999996,55.788651,2394200,HLT
2017-03-08,56.93,56.990002000000004,56.27,56.290001000000004,55.591141,2710800,HLT
2017-03-09,56.310001,56.610001000000004,55.790001000000004,55.84,55.146729,1606800,HLT
2017-03-10,56.07,56.5,55.939999,56.48,55.77878199999999,2443200,HLT
2017-03-13,56.5,57.52,56.419998,57.509997999999996,56.79599,1811900,HLT
2017-03-14,57.34,57.5,57.07,57.290001000000004,56.578728000000005,1818300,HLT
2017-03-15,57.450001,58.369999,57.380001,58.150002,57.428051,1993500,HLT
2017-03-16,58.209998999999996,58.799999,58.07,58.209998999999996,57.487301,1580700,HLT
2017-03-17,58.59,58.650002,57.84,57.919998,57.200897,1267500,HLT
2017-03-20,57.919998,58.09,57.310001,57.5,56.786118,999800,HLT
2017-03-21,57.889998999999996,58.349998,56.630001,56.689999,55.986176,2149600,HLT
2017-03-22,56.619999,57.830002,56.389998999999996,57.700001,56.983635,1514500,HLT
2017-03-23,57.810001,58.810001,57.700001,58.32,57.595936,1996900,HLT
2017-03-24,58.369999,58.790001000000004,58.040001000000004,58.310001,57.586063,1066700,HLT
2017-03-27,57.959998999999996,58.029999,57.330002,57.849998,57.13177099999999,2572000,HLT
2017-03-28,57.919998,59.099998,57.549999,58.669998,57.941586,1871500,HLT
2017-03-29,58.439999,58.959998999999996,58.349998,58.610001000000004,57.882339,1549100,HLT
2017-03-30,58.619999,59.439999,58.599998,58.77,58.040348,1965400,HLT
2017-03-31,58.66,59.18,58.360001000000004,58.459998999999996,57.734196,2283900,HLT
2017-04-03,57.869999,58.450001,57.049999,57.619999,56.904625,3273200,HLT
2017-04-04,57.41,57.529999,56.759997999999996,57.07,56.361454,2188500,HLT
2017-04-05,57.310001,57.689999,56.689999,56.75,56.045429000000006,2314200,HLT
2017-04-06,56.990002000000004,57.119999,56.540001000000004,57.099998,56.391079000000005,1107200,HLT
2017-04-07,57.080002,57.080002,55.91,56.599998,55.897285,3066200,HLT
2017-04-10,57.349998,57.549999,56.880001,57.18,56.470093000000006,2651000,HLT
2017-04-11,57.349998,57.540001000000004,56.939999,57.48,56.766360999999996,1369500,HLT
2017-04-12,57.619999,57.630001,57.16,57.419998,56.707108,1929600,HLT
2017-04-13,57.389998999999996,57.759997999999996,57.099998,57.110001000000004,56.400963,2129200,HLT
2017-04-17,57.34,57.48,56.950001,57.330002,56.618233,1965800,HLT
2017-04-18,57.099998,57.400002,56.240002000000004,56.860001000000004,56.154064,1730100,HLT
2017-04-19,57.169998,57.360001000000004,56.66,56.919998,56.213314000000004,1939800,HLT
2017-04-20,57.09,57.849998,56.279999,57.59,56.874995999999996,5217200,HLT
2017-04-21,57.639998999999996,57.639998999999996,57.150002,57.349998,56.637974,1197800,HLT
2017-04-24,58.0,58.169998,57.77,58.040001000000004,57.319416000000004,2150700,HLT
2017-04-25,58.200001,58.73,58.119999,58.540001000000004,57.81321,1330000,HLT
2017-04-26,58.380001,61.02,58.279999,60.599998,59.84763,4502400,HLT
2017-04-27,60.740002000000004,60.740002000000004,59.880001,60.240002000000004,59.4921,1695400,HLT
2017-04-28,60.360001000000004,60.369999,58.41,58.970001,58.237865,3223000,HLT
2017-05-01,59.400002,60.049999,58.900002,59.32,58.583523,2957200,HLT
2017-05-02,61.459998999999996,61.82,59.959998999999996,61.490002000000004,60.726578,4208800,HLT
2017-05-03,61.450001,61.869999,60.759997999999996,61.0,60.242664000000005,2471700,HLT
2017-05-04,61.150002,61.290001000000004,60.119999,60.5,59.748870999999994,2316300,HLT
2017-05-05,60.68,61.119999,60.669998,61.07,60.31179399999999,2605500,HLT
2017-05-08,61.07,61.400002,60.509997999999996,60.68,59.926636,2005800,HLT
2017-05-09,61.799999,63.41,61.639998999999996,62.330002,61.55615600000001,3562100,HLT
2017-05-10,62.16,62.400002,61.59,62.119999,61.49675,1954500,HLT
2017-05-11,61.799999,62.360001000000004,61.509997999999996,62.209998999999996,61.585846,1348800,HLT
2017-05-12,62.099998,62.310001,61.849998,62.099998,61.476948,1163800,HLT
2017-05-15,62.240002000000004,62.75,62.110001000000004,62.619999,61.991730000000004,2124900,HLT
2017-05-16,62.689999,62.869999,62.16,62.43,61.803642,2114800,HLT
2017-05-17,61.82,61.880001,61.02,61.299999,60.684982,1765200,HLT
2017-05-18,61.299999,62.810001,60.959998999999996,62.439999,61.813538,2239500,HLT
2017-05-19,62.799999,64.050003,62.619999,63.849998,63.209393000000006,2605400,HLT
2017-05-22,63.779999,65.32,63.669998,65.25,64.59536,3643600,HLT
2017-05-23,65.5,66.389999,64.910004,65.489998,64.832939,4021800,HLT
2017-05-24,65.769997,66.290001,65.099998,65.480003,64.823036,3024100,HLT
2017-05-25,65.760002,66.110001,65.129997,65.129997,64.476547,2766600,HLT
2017-05-26,65.160004,65.550003,64.940002,65.339996,64.684441,1445800,HLT
2017-05-30,65.260002,65.699997,65.129997,65.540001,64.882439,1104500,HLT
2017-05-31,65.849998,66.58000200000001,65.349998,66.470001,65.803116,3402000,HLT
2017-06-01,66.709999,67.5,66.32,66.639999,65.97139,2001900,HLT
2017-06-02,66.970001,67.540001,66.529999,67.410004,66.733681,1590400,HLT
2017-06-05,67.66999799999999,67.790001,66.970001,66.989998,66.317894,1599200,HLT
2017-06-06,66.58000200000001,66.709999,65.550003,65.760002,65.100235,1999400,HLT
2017-06-07,65.760002,66.269997,65.41999799999999,66.150002,65.48631999999999,2661200,HLT
2017-06-08,65.260002,65.5,64.660004,65.019997,64.367645,8180400,HLT
2017-06-09,65.349998,65.860001,64.019997,64.75,64.100372,7990900,HLT
2017-06-12,66.309998,66.459999,65.25,65.849998,65.189323,10162800,HLT
2017-06-13,66.139999,66.690002,66.019997,66.449997,65.783302,5087200,HLT
2017-06-14,66.620003,66.860001,65.879997,66.25,65.585327,7387200,HLT
2017-06-15,65.809998,66.989998,65.529999,66.849998,66.179298,4511100,HLT
2017-06-16,67.269997,67.290001,66.400002,66.410004,65.743721,33236400,HLT
2017-06-19,66.589996,67.309998,66.300003,66.839996,66.169395,4391000,HLT
2017-06-20,67.040001,67.07,65.690002,65.879997,65.219032,4031600,HLT
2017-06-21,66.300003,66.349998,65.279999,65.599998,64.941833,3997000,HLT
2017-06-22,65.449997,65.470001,64.889999,65.199997,64.545845,2623500,HLT
2017-06-23,65.099998,65.559998,64.760002,65.400002,64.743843,3110900,HLT
2017-06-26,65.379997,65.550003,64.980003,65.230003,64.575562,1736200,HLT
2017-06-27,65.050003,65.099998,63.419998,63.450001,62.813412,3272200,HLT
2017-06-28,63.799999,64.07,63.169998,63.360001000000004,62.724312,2607000,HLT
2017-06-29,63.25,63.34,61.66,62.25,61.62545,3666800,HLT
2017-06-30,62.650002,62.91,61.82,61.849998,61.229457999999994,3556000,HLT
2017-07-03,61.98,62.080002,61.299999,61.310001,60.694881,1967400,HLT
2017-07-05,61.310001,61.799999,60.740002000000004,61.509997999999996,60.89286800000001,3681400,HLT
2017-07-06,61.02,61.540001000000004,60.619999,61.080002,60.46719399999999,2926200,HLT
2017-07-07,61.209998999999996,62.009997999999996,61.02,61.759997999999996,61.140361999999996,4443300,HLT
2017-07-10,61.759997999999996,62.290001000000004,61.630001,62.200001,61.575951,4126300,HLT
2017-07-11,61.889998999999996,62.610001000000004,61.82,62.459998999999996,61.83334,5848800,HLT
2017-07-12,62.799999,62.970001,61.84,61.93,61.308655,2444000,HLT
2017-07-13,62.040001000000004,62.380001,61.779999,62.080002,61.457153000000005,1780200,HLT
2017-07-14,61.959998999999996,62.540001000000004,61.75,62.450001,61.823441,3466500,HLT
2017-07-17,62.400002,62.880001,62.18,62.619999,61.991730000000004,1403100,HLT
2017-07-18,62.560001,62.900002,62.330002,62.490002000000004,61.863041,2219600,HLT
2017-07-19,62.439999,62.650002,62.09,62.119999,61.49675,1810300,HLT
2017-07-20,62.110001000000004,62.23,61.509997999999996,62.009997999999996,61.387852,2172100,HLT
2017-07-21,61.880001,62.490002000000004,61.84,62.470001,61.84324300000001,1871200,HLT
2017-07-24,62.5,62.790001000000004,61.990002000000004,62.009997999999996,61.387852,1923400,HLT
2017-07-25,62.32,63.130001,61.720001,63.080002,62.447120999999996,3711500,HLT
2017-07-26,63.900002,64.660004,62.029999,62.52,61.892738,6574700,HLT
2017-07-27,62.830002,62.830002,61.75,62.560001,61.932339,2882500,HLT
2017-07-28,62.23,62.75,62.23,62.459998999999996,61.83334,1184800,HLT
2017-07-31,62.810001,62.869999,62.290001000000004,62.529999,61.902641,2068100,HLT
2017-08-01,62.880001,63.349998,62.439999,62.77,62.140232,2659200,HLT
2017-08-02,62.689999,63.580002,61.279999,61.98,61.358154000000006,2185900,HLT
2017-08-03,62.099998,62.650002,62.0,62.130001,61.506653,1957400,HLT
2017-08-04,62.310001,63.130001,62.139998999999996,62.98,62.348125,2891400,HLT
2017-08-07,63.34,63.869999,63.02,63.77,63.130199,3245100,HLT
2017-08-08,62.84,63.18,61.740002000000004,62.080002,61.457153000000005,2852100,HLT
2017-08-09,61.759997999999996,61.799999,60.990002000000004,61.369999,60.754276000000004,2983200,HLT
2017-08-10,60.990002000000004,61.41,60.650002,61.0,60.387989000000005,2226600,HLT
2017-08-11,60.919998,61.560001,60.77,61.299999,60.684982,1682900,HLT
2017-08-14,61.869999,61.939999,61.32,61.75,61.130463,2410300,HLT
2017-08-15,61.970001,62.400002,61.619999,62.209998999999996,61.585846,2022800,HLT
2017-08-16,62.299999,62.759997999999996,62.099998,62.439999,61.96294399999999,2149400,HLT
2017-08-17,62.029999,62.389998999999996,60.68,60.82,60.35531999999999,2701800,HLT
2017-08-18,60.720001,61.529999,60.540001000000004,61.060001,60.593491,2654300,HLT
2017-08-21,61.209998999999996,61.900002,61.099998,61.779999,61.307991,1689200,HLT
2017-08-22,61.880001,63.369999,61.799999,63.32,62.83622,1820200,HLT
2017-08-23,62.889998999999996,63.400002,62.720001,63.119999,62.637749,1286000,HLT
2017-08-24,63.470001,63.720001,62.84,62.91,62.429352,1445800,HLT
2017-08-25,63.16,63.709998999999996,63.009997999999996,63.48,62.994999,1365000,HLT
2017-08-28,63.720001,63.77,62.919998,63.169998,62.687366000000004,1517800,HLT
2017-08-29,62.82,63.0,62.529999,62.889998999999996,62.409512,1795400,HLT
2017-08-30,62.93,64.800003,62.810001,64.32,63.828587,2070500,HLT
2017-08-31,64.33000200000001,64.760002,64.029999,64.33000200000001,63.838505000000005,2797900,HLT
2017-09-01,64.699997,64.870003,64.279999,64.589996,64.096512,1273100,HLT
2017-09-05,64.41999799999999,64.459999,62.900002,63.599998,63.114081999999996,2696600,HLT
2017-09-06,63.799999,64.0,63.290001000000004,63.669998,63.183544,1495600,HLT
2017-09-07,63.880001,64.16999799999999,63.529999,63.889998999999996,63.401867,1518000,HLT
2017-09-08,63.889998999999996,65.339996,63.740002000000004,65.139999,64.642319,2551700,HLT
2017-09-11,65.66999799999999,66.300003,65.589996,65.949997,65.44612099999999,2604400,HLT
2017-09-12,65.980003,66.25,65.660004,66.07,65.565208,1213100,HLT
2017-09-13,65.870003,66.860001,65.83000200000001,66.68,66.170547,1863500,HLT
2017-09-14,66.599998,66.720001,65.910004,66.519997,66.011772,1726800,HLT
2017-09-15,66.459999,66.889999,66.07,66.629997,66.12093399999999,2449200,HLT
2017-09-18,66.589996,66.809998,66.33000200000001,66.559998,66.051468,2207000,HLT
2017-09-19,66.559998,67.07,66.209999,66.889999,66.37894399999999,1977200,HLT
2017-09-20,67.019997,67.360001,66.639999,67.040001,66.52780899999999,1440800,HLT
2017-09-21,66.989998,67.519997,66.82,67.339996,66.825508,1184600,HLT
2017-09-22,67.339996,68.370003,67.18,68.190002,67.669014,2072700,HLT
2017-09-25,68.190002,69.349998,67.980003,68.709999,68.18504300000001,2245600,HLT
2017-09-26,69.08000200000001,69.519997,68.800003,69.5,68.969009,2773200,HLT
2017-09-27,69.690002,69.739998,68.690002,69.110001,68.581978,1930400,HLT
2017-09-28,69.029999,69.550003,68.970001,69.360001,68.83006999999999,1485200,HLT
2017-09-29,68.949997,69.449997,68.440002,69.449997,68.919388,7072200,HLT
2017-10-02,69.25,69.690002,69.160004,69.43,68.89954399999999,2902500,HLT
2017-10-03,69.489998,69.510002,68.720001,68.860001,68.333893,2494000,HLT
2017-10-04,68.870003,69.029999,68.599998,68.910004,68.383514,1905900,HLT
2017-10-05,68.940002,69.610001,68.800003,69.370003,68.84000400000001,2302300,HLT
2017-10-06,69.360001,69.699997,69.199997,69.480003,68.949158,1987600,HLT
2017-10-09,69.5,69.970001,69.459999,69.660004,69.127785,1358300,HLT
2017-10-10,69.800003,69.970001,69.510002,69.91999799999999,69.385796,1799700,HLT
2017-10-11,70.0,70.349998,69.83000200000001,70.220001,69.68351,3004100,HLT
2017-10-12,70.150002,70.5,69.839996,70.379997,69.842285,2080900,HLT
2017-10-13,70.58000200000001,71.379997,70.400002,71.160004,70.616325,2326200,HLT
2017-10-16,71.089996,71.260002,70.620003,71.129997,70.586548,1904000,HLT
2017-10-17,71.040001,71.220001,70.720001,71.220001,70.675865,1549200,HLT
2017-10-18,71.540001,71.540001,70.879997,71.059998,70.51709,2171600,HLT
2017-10-19,70.949997,71.120003,70.33000200000001,71.099998,70.55677800000001,2170400,HLT
2017-10-20,71.370003,71.410004,70.519997,71.040001,70.497238,1726400,HLT
2017-10-23,71.269997,71.269997,70.389999,70.41999799999999,69.881973,1402300,HLT
2017-10-24,70.790001,71.160004,70.529999,71.139999,70.596474,3208200,HLT
2017-10-25,71.160004,71.410004,70.809998,71.32,70.775093,2611800,HLT
2017-10-26,72.099998,72.93,70.900002,72.480003,71.926239,3318400,HLT
2017-10-27,71.800003,72.809998,71.589996,71.910004,71.360588,2916400,HLT
2017-10-30,71.760002,72.82,71.699997,72.650002,72.09494000000001,2571500,HLT
2017-10-31,72.650002,72.849998,72.25,72.279999,71.72776800000001,2688300,HLT
2017-11-01,72.93,73.08000200000001,72.370003,72.440002,71.886543,1871000,HLT
2017-11-02,72.970001,73.309998,71.889999,72.440002,71.886543,1924600,HLT
2017-11-03,72.379997,73.16999799999999,72.33000200000001,73.160004,72.60104399999999,1653400,HLT
2017-11-06,72.589996,73.449997,72.589996,73.389999,72.829285,1352500,HLT
2017-11-07,73.400002,73.760002,72.550003,72.610001,72.055252,1809000,HLT
2017-11-08,72.66999799999999,73.449997,72.360001,72.900002,72.34303299999999,1473500,HLT
2017-11-09,72.400002,72.760002,71.699997,72.050003,71.499535,2326400,HLT
2017-11-10,72.220001,72.83000200000001,71.629997,72.690002,72.134644,2117700,HLT
2017-11-13,72.449997,72.720001,72.25,72.620003,72.06517,1819800,HLT
2017-11-14,71.93,72.970001,71.870003,72.910004,72.35294300000001,1810500,HLT
2017-11-15,72.529999,73.68,72.190002,73.379997,72.81935899999999,2939000,HLT
2017-11-16,73.75,74.309998,73.279999,74.019997,73.604927,1829100,HLT
2017-11-17,74.050003,74.440002,73.959999,74.110001,73.69442,2443900,HLT
2017-11-20,74.16999799999999,74.629997,74.050003,74.309998,73.893303,1152800,HLT
2017-11-21,74.760002,76.220001,74.75,75.639999,75.215843,2922700,HLT
2017-11-22,75.709999,76.129997,75.190002,75.68,75.255623,1404200,HLT
2017-11-24,75.779999,75.900002,75.470001,75.760002,75.335175,470400,HLT
2017-11-27,75.760002,76.160004,75.66999799999999,76.0,75.57383,1407000,HLT
2017-11-28,76.050003,76.529999,75.75,76.129997,75.703102,1887600,HLT
2017-11-29,76.129997,76.900002,76.029999,76.559998,76.130684,1874500,HLT
2017-11-30,76.57,77.790001,76.129997,77.559998,77.125084,2553700,HLT
2017-12-01,77.269997,77.91999799999999,76.25,77.25,76.81681800000001,2164600,HLT
2017-12-04,78.029999,78.620003,77.519997,77.660004,77.224525,2348600,HLT
2017-12-05,77.699997,78.309998,77.610001,77.629997,77.194687,1493500,HLT
2017-12-06,77.75,77.860001,76.629997,76.75,76.319618,1435000,HLT
2017-12-07,76.83000200000001,77.389999,76.599998,77.279999,76.846649,2254400,HLT
2017-12-08,77.610001,78.400002,77.5,78.379997,77.940475,2142500,HLT
2017-12-11,78.160004,78.300003,77.25,77.470001,77.035591,1589800,HLT
2017-12-12,77.57,77.58000200000001,76.93,77.0,76.56823,2246600,HLT
2017-12-13,77.220001,77.620003,76.739998,76.75,76.319618,2245600,HLT
2017-12-14,77.089996,77.089996,76.010002,76.019997,75.593712,1739500,HLT
2017-12-15,76.440002,77.370003,76.279999,77.089996,76.657715,3694500,HLT
2017-12-18,77.489998,78.57,77.379997,78.089996,77.6521,2275100,HLT
2017-12-19,78.389999,78.459999,77.629997,77.809998,77.373672,1449000,HLT
2017-12-20,77.91999799999999,78.629997,77.559998,78.349998,77.910645,1327500,HLT
2017-12-21,78.489998,79.949997,78.489998,79.370003,78.924934,2047100,HLT
2017-12-22,79.379997,79.699997,79.25,79.349998,78.905045,1415700,HLT
2017-12-26,79.400002,79.959999,79.260002,79.370003,78.924934,909600,HLT
2017-12-27,79.459999,80.379997,79.32,80.150002,79.700554,939200,HLT
2017-12-28,80.18,80.540001,80.0,80.449997,79.998871,828900,HLT
2017-12-29,80.790001,80.940002,79.839996,79.860001,79.412186,1514100,HLT
2018-01-02,80.279999,80.339996,78.93,79.68,79.233192,1701500,HLT
2018-01-03,79.809998,80.900002,79.620003,80.849998,80.396629,1425600,HLT
2018-01-04,80.860001,81.230003,80.230003,80.25,79.799995,1548200,HLT
2018-01-05,80.239998,80.239998,78.910004,79.290001,78.845383,2273600,HLT
2018-01-08,80.300003,81.059998,79.529999,80.940002,80.486137,2483100,HLT
2018-01-09,81.110001,82.07,80.970001,81.93,81.470573,1354800,HLT
2018-01-10,81.660004,82.110001,81.389999,81.650002,81.192146,1745500,HLT
2018-01-11,81.980003,83.220001,81.639999,83.07,82.604179,3886400,HLT
2018-01-12,83.25,84.709999,83.099998,83.949997,83.479248,1870000,HLT
2018-01-16,84.57,84.989998,82.980003,83.400002,82.932335,1530600,HLT
2018-01-17,82.900002,84.510002,82.900002,84.029999,83.55879200000001,1440300,HLT
2018-01-18,84.18,84.82,83.910004,83.949997,83.479248,1314400,HLT
2018-01-19,84.639999,86.050003,84.480003,85.489998,85.010612,2206800,HLT
2018-01-22,85.41999799999999,85.790001,85.019997,85.769997,85.28904,1541400,HLT
2018-01-23,85.690002,86.980003,85.57,86.529999,86.044777,1632600,HLT
2018-01-24,86.800003,86.989998,85.129997,85.790001,85.308937,2134200,HLT
2018-01-25,86.040001,86.75,85.400002,86.629997,86.14421800000001,1467800,HLT
2018-01-26,86.940002,87.690002,86.33000200000001,87.690002,87.19828000000001,944700,HLT
2018-01-29,87.440002,88.110001,87.029999,87.279999,86.790573,1599100,HLT
2018-01-30,86.5,87.43,86.360001,86.410004,85.925461,1678600,HLT
2018-01-31,86.519997,87.0,85.629997,85.650002,85.169724,1857400,HLT
2018-02-01,85.33000200000001,86.290001,85.099998,85.760002,85.279106,2139900,HLT
2018-02-02,85.550003,85.800003,82.309998,82.650002,82.186539,2718400,HLT
2018-02-05,82.129997,83.010002,79.82,79.910004,79.461906,2386200,HLT
2018-02-06,78.58000200000001,80.970001,77.779999,80.690002,80.237534,4634700,HLT
2018-02-07,80.989998,83.279999,80.540001,82.019997,81.560066,3526600,HLT
2018-02-08,81.949997,82.370003,78.639999,78.660004,78.218918,5065800,HLT
2018-02-09,79.230003,81.230003,77.559998,80.43,79.978989,3239100,HLT
2018-02-12,80.910004,82.160004,80.589996,81.82,81.361191,2435900,HLT
2018-02-13,81.739998,83.57,81.660004,83.209999,82.74339300000001,2515600,HLT
2018-02-14,82.120003,87.110001,82.010002,85.970001,85.487923,3946800,HLT
2018-02-15,86.089996,86.309998,84.33000200000001,84.559998,84.085831,3023900,HLT
2018-02-16,84.459999,84.720001,83.260002,83.269997,82.803062,2543100,HLT
2018-02-20,82.730003,84.699997,82.730003,84.309998,83.837227,1977800,HLT
2018-02-21,84.43,86.440002,84.260002,84.290001,83.81734499999999,1772100,HLT
2018-02-22,84.739998,84.900002,83.120003,83.379997,82.91244499999999,1863500,HLT
2018-02-23,83.75,83.970001,83.08000200000001,83.809998,83.340027,1565700,HLT
2018-02-26,84.029999,84.290001,82.129997,82.139999,81.679405,2888400,HLT
2018-02-27,82.360001,82.620003,79.809998,79.839996,79.392296,3865900,HLT
2018-02-28,80.400002,82.08000200000001,79.779999,80.790001,80.336967,4025700,HLT
2018-03-01,80.510002,80.660004,78.790001,79.349998,79.051819,2515200,HLT
2018-03-02,78.730003,79.120003,77.230003,78.900002,78.603516,2814000,HLT
2018-03-05,78.290001,78.690002,77.08000200000001,78.220001,77.926064,2719000,HLT
2018-03-06,78.620003,79.370003,78.410004,78.940002,78.64335600000001,2230600,HLT
2018-03-07,78.25,79.32,78.129997,79.199997,78.902374,1459500,HLT
2018-03-08,79.529999,79.889999,79.0,79.209999,78.912338,2322800,HLT
2018-03-09,80.010002,81.800003,79.709999,81.470001,81.163857,2912800,HLT
2018-03-12,81.519997,81.709999,80.690002,81.129997,80.825119,1836800,HLT
2018-03-13,81.41999799999999,81.82,81.059998,81.25,80.94467900000001,1641600,HLT
2018-03-14,81.470001,81.540001,81.050003,81.239998,80.934708,1594300,HLT
2018-03-15,81.400002,82.25,81.050003,81.889999,81.582268,2285800,HLT
2018-03-16,82.0,82.540001,81.440002,81.510002,81.20369699999999,2204400,HLT
2018-03-19,81.309998,81.760002,80.879997,81.300003,80.99449200000001,2027200,HLT
2018-03-20,81.610001,82.129997,81.269997,81.349998,81.044296,1028300,HLT
2018-03-21,81.300003,82.220001,81.190002,81.839996,81.532455,1233200,HLT
2018-03-22,81.25,81.599998,80.410004,80.440002,80.137718,3031600,HLT
2018-03-23,80.489998,80.559998,78.059998,78.16999799999999,77.876251,1682800,HLT
2018-03-26,79.040001,80.08000200000001,78.449997,79.980003,79.679451,1278200,HLT
2018-03-27,80.160004,80.550003,78.480003,78.790001,78.493927,1585700,HLT
2018-03-28,78.739998,78.959999,77.790001,78.309998,78.015724,2199000,HLT
2018-03-29,78.769997,79.529999,78.470001,78.760002,78.464035,2481600,HLT
2018-04-02,78.720001,79.040001,75.660004,77.07,76.780388,2722000,HLT
2018-04-03,77.5,77.940002,76.610001,77.529999,77.23865500000001,2575600,HLT
2018-04-04,76.370003,78.33000200000001,76.33000200000001,78.029999,77.736778,3074700,HLT
2018-04-05,77.230003,79.370003,75.949997,79.040001,78.742981,6840100,HLT
2018-04-06,78.690002,79.290001,76.68,77.510002,77.218735,3295400,HLT
2018-04-09,76.839996,79.489998,76.0,76.150002,75.863838,7557400,HLT
2018-04-10,76.739998,76.790001,74.610001,75.010002,74.728127,11745800,HLT
2018-04-11,77.389999,80.349998,77.040001,79.610001,79.310837,52096400,HLT
2018-04-12,80.389999,80.940002,79.339996,79.949997,79.649559,10665700,HLT
2018-04-13,80.489998,81.33000200000001,78.25,79.610001,79.310837,14439600,HLT
2018-04-16,80.089996,80.66999799999999,79.599998,80.529999,80.227386,4265300,HLT
2018-04-17,81.449997,82.410004,80.690002,81.160004,80.855019,3844200,HLT
2018-04-18,81.66999799999999,82.989998,81.529999,82.18,81.871178,3523800,HLT
2018-04-19,82.0,82.800003,81.690002,81.980003,81.671936,2552100,HLT
2018-04-20,82.050003,82.66999799999999,81.660004,82.33000200000001,82.020622,2257600,HLT
2018-04-23,82.279999,82.529999,81.82,82.089996,81.78151700000001,1795400,HLT
2018-04-24,82.599998,83.120003,80.879997,82.040001,81.731712,4170200,HLT
2018-04-25,81.720001,82.349998,81.349998,81.83000200000001,81.522499,2865400,HLT
2018-04-26,81.93,82.790001,80.480003,81.93,81.622124,5691200,HLT
2018-04-27,82.349998,82.57,79.989998,80.16999799999999,79.868729,4380100,HLT
2018-04-30,80.300003,80.739998,78.790001,78.839996,78.54373199999999,3476400,HLT
2018-05-01,78.760002,80.309998,78.660004,80.239998,79.938477,3243800,HLT
2018-05-02,79.959999,80.660004,79.260002,79.449997,79.151436,2916700,HLT
2018-05-03,79.239998,80.18,78.440002,79.870003,79.569862,3083100,HLT
2018-05-04,79.599998,81.519997,79.08000200000001,81.160004,80.855019,2639600,HLT
2018-05-07,81.599998,81.599998,80.849998,81.349998,81.044296,2087600,HLT
2018-05-08,81.470001,82.650002,80.91999799999999,82.43,82.12024699999999,3219600,HLT
2018-05-09,82.970001,83.199997,81.610001,82.849998,82.538658,2410400,HLT
2018-05-10,83.160004,83.230003,82.309998,82.760002,82.598549,2207800,HLT
2018-05-11,82.83000200000001,83.739998,82.470001,83.510002,83.347084,1750400,HLT
2018-05-14,83.489998,83.730003,82.730003,82.970001,82.808136,2590500,HLT
2018-05-15,82.82,83.25,82.589996,83.019997,82.85804,1908600,HLT
2018-05-16,83.120003,84.41999799999999,82.629997,84.199997,84.035736,2379200,HLT
2018-05-17,84.389999,84.400002,83.129997,83.300003,83.137497,1309300,HLT
2018-05-18,83.629997,84.68,82.400002,83.839996,83.67643699999999,8072300,HLT
2018-05-21,84.459999,84.58000200000001,83.239998,83.91999799999999,83.756279,2129700,HLT
2018-05-22,84.089996,84.25,82.620003,82.760002,82.598549,1645200,HLT
2018-05-23,82.690002,82.800003,81.989998,82.33000200000001,82.169388,2283800,HLT
2018-05-24,82.480003,82.940002,81.989998,82.029999,81.869972,2888700,HLT
2018-05-25,81.849998,82.389999,81.43,81.83000200000001,81.670364,1892700,HLT
2018-05-29,80.970001,81.57,80.010002,80.33000200000001,80.173286,2184800,HLT
2018-05-30,80.849998,82.029999,80.849998,81.730003,81.570557,2049800,HLT
2018-05-31,81.599998,81.639999,80.57,80.709999,80.552544,2874200,HLT
2018-06-01,81.089996,83.110001,81.089996,82.650002,82.488762,2495200,HLT
2018-06-04,83.18,83.309998,82.279999,83.190002,83.02771,1716200,HLT
2018-06-05,82.900002,83.83000200000001,82.720001,83.07,82.907944,1911400,HLT
2018-06-06,83.040001,84.730003,82.879997,84.68,84.514801,3572900,HLT
2018-06-07,84.879997,84.879997,83.699997,84.16999799999999,84.005791,1772700,HLT
2018-06-08,84.089996,84.410004,83.400002,84.139999,83.975853,1677800,HLT
2018-06-11,84.230003,84.5,83.800003,83.989998,83.826141,1792300,HLT
2018-06-12,84.5,84.879997,82.66999799999999,83.809998,83.6465,3559300,HLT
2018-06-13,84.0,84.029999,82.32,82.730003,82.568611,3605200,HLT
2018-06-14,83.120003,83.440002,82.730003,82.93,82.76821899999999,2126300,HLT
2018-06-15,82.75,84.019997,82.33000200000001,83.839996,83.67643699999999,2953200,HLT
2018-06-18,83.089996,84.41999799999999,83.089996,84.33000200000001,84.16548900000001,1854400,HLT
2018-06-19,83.68,83.839996,82.050003,82.980003,82.818123,2104500,HLT
2018-06-20,83.190002,83.91999799999999,81.980003,82.010002,81.850014,3178800,HLT
2018-06-21,81.91999799999999,82.309998,80.779999,81.019997,80.861938,3822800,HLT
2018-06-22,81.620003,81.720001,80.529999,80.870003,80.712234,2755900,HLT
2018-06-25,80.059998,80.550003,78.68,79.269997,79.115349,3203000,HLT
2018-06-26,79.290001,79.720001,78.949997,79.190002,79.035515,3457300,HLT
2018-06-27,79.550003,79.900002,78.199997,78.260002,78.10733,3220400,HLT
2018-06-28,78.120003,78.25,76.790001,78.25,78.09734300000001,5142900,HLT
2018-06-29,78.379997,79.989998,78.129997,79.160004,79.005577,3544900,HLT
2018-07-02,78.489998,79.309998,77.519997,79.300003,79.145302,3065800,HLT
2018-07-03,79.41999799999999,79.82,79.010002,79.449997,79.29499799999999,1719600,HLT
2018-07-05,79.650002,79.940002,78.849998,79.690002,79.534538,3350600,HLT
2018-07-06,79.529999,81.0,79.400002,80.559998,80.40284,2278500,HLT
2018-07-09,81.010002,81.68,80.559998,80.940002,80.782097,2949900,HLT
2018-07-10,80.940002,82.290001,80.879997,81.279999,81.121429,2915100,HLT
2018-07-11,80.5,81.0,80.019997,80.610001,80.452744,3803800,HLT
2018-07-12,81.0,81.129997,80.349998,81.0,80.84198,3367900,HLT
2018-07-13,80.989998,81.160004,80.66999799999999,80.970001,80.812042,2124700,HLT
2018-07-16,81.18,81.18,79.790001,80.08000200000001,79.923775,2285600,HLT
2018-07-17,80.220001,81.16999799999999,79.800003,81.07,80.91184200000001,3353300,HLT
2018-07-18,81.209999,83.25,81.209999,82.959999,82.79815699999999,5303800,HLT
2018-07-19,83.0,83.489998,81.970001,82.139999,81.979759,2773400,HLT
2018-07-20,81.949997,82.709999,81.58000200000001,81.959999,81.80011,2435600,HLT
2018-07-23,82.0,82.260002,81.540001,81.610001,81.45079,3686800,HLT
2018-07-24,81.650002,81.839996,79.68,80.489998,80.33296999999999,4260700,HLT
2018-07-25,80.07,80.550003,77.639999,80.370003,80.213211,5891600,HLT
2018-07-26,79.91999799999999,80.690002,79.269997,79.610001,79.454689,2774500,HLT
2018-07-27,79.910004,80.209999,78.190002,78.449997,78.296951,2683400,HLT
2018-07-30,78.129997,78.599998,77.07,77.279999,77.129234,3132200,HLT
2018-07-31,77.41999799999999,78.83000200000001,77.410004,78.660004,78.506546,2744000,HLT
2018-08-01,79.199997,79.470001,78.230003,78.540001,78.38678,2667200,HLT
2018-08-02,77.860001,78.440002,77.120003,78.440002,78.28698,3687600,HLT
2018-08-03,78.480003,78.589996,77.879997,78.18,78.02748100000001,1969100,HLT
2018-08-06,78.059998,78.260002,77.57,78.129997,77.977577,3835100,HLT
2018-08-07,77.660004,78.110001,76.940002,77.599998,77.448608,3777900,HLT
2018-08-08,77.660004,78.099998,76.16999799999999,76.889999,76.739998,2935100,HLT
2018-08-09,76.839996,77.08000200000001,75.970001,76.150002,76.150002,3900600,HLT
2018-08-10,76.089996,76.41999799999999,75.389999,75.650002,75.650002,3268300,HLT
2018-08-13,75.639999,76.08000200000001,74.839996,75.309998,75.309998,2928100,HLT
2018-08-14,75.620003,76.739998,75.040001,76.540001,76.540001,2763700,HLT
2018-08-15,75.91999799999999,76.389999,75.489998,76.220001,76.220001,2919400,HLT
2018-08-16,76.91999799999999,77.91999799999999,76.58000200000001,77.239998,77.239998,3373600,HLT
2018-08-17,76.529999,77.300003,75.970001,77.199997,77.199997,1964800,HLT
2018-08-20,77.190002,77.540001,76.120003,76.290001,76.290001,2430700,HLT
2018-08-21,76.220001,77.25,76.220001,76.730003,76.730003,2324900,HLT
2018-08-22,76.540001,77.410004,76.379997,77.199997,77.199997,2540500,HLT
2018-08-23,77.220001,77.41999799999999,76.5,76.769997,76.769997,3009600,HLT
2018-08-24,76.769997,77.599998,76.769997,77.110001,77.110001,2149200,HLT
2018-08-27,77.639999,78.160004,77.470001,77.760002,77.760002,1865300,HLT
2018-08-28,77.93,78.010002,77.16999799999999,77.470001,77.470001,1241700,HLT
2018-08-29,77.550003,78.360001,77.379997,78.18,78.18,1831600,HLT
2018-08-30,78.18,78.190002,77.269997,77.58000200000001,77.58000200000001,1398100,HLT
2018-08-31,77.339996,78.040001,77.339996,77.620003,77.620003,2496900,HLT
2018-09-04,77.629997,77.699997,76.66999799999999,77.160004,77.160004,1887000,HLT
2018-09-05,76.839996,76.970001,75.68,75.720001,75.720001,3076600,HLT
2018-09-06,75.900002,76.239998,75.160004,75.690002,75.690002,4244200,HLT
2018-09-07,75.389999,76.620003,75.389999,76.440002,76.440002,2974000,HLT
2018-09-10,76.790001,77.029999,76.160004,76.589996,76.589996,2029700,HLT
2018-09-11,76.290001,77.459999,76.239998,77.410004,77.410004,2774900,HLT
2018-09-12,77.25,78.07,77.059998,77.959999,77.959999,3110900,HLT
2018-09-13,78.43,79.91999799999999,78.360001,78.940002,78.940002,3745600,HLT
2018-09-14,79.050003,80.220001,79.040001,80.059998,80.059998,3229500,HLT
2018-09-17,80.16999799999999,80.25,79.050003,79.099998,79.099998,3395000,HLT
2018-09-18,79.199997,79.639999,78.949997,79.389999,79.389999,2703400,HLT
2018-09-19,79.519997,80.540001,79.519997,80.43,80.43,2327500,HLT
2018-09-20,80.660004,81.339996,80.16999799999999,81.08000200000001,81.08000200000001,3407600,HLT
2018-09-21,81.550003,82.0,80.82,80.959999,80.959999,6804400,HLT
2018-09-24,80.690002,80.720001,79.550003,80.160004,80.160004,2265300,HLT
2018-09-25,80.400002,80.510002,79.870003,80.110001,80.110001,2533300,HLT
