date,gt_index,isPartial,stock
2013-01-01,25.0,False,PEP
2013-01-02,32.0,False,PEP
2013-01-03,31.0,False,PEP
2013-01-04,30.0,False,PEP
2013-01-05,31.0,False,PEP
2013-01-06,29.0,False,PEP
2013-01-07,33.0,False,PEP
2013-01-08,31.0,False,PEP
2013-01-09,32.0,False,PEP
2013-01-10,34.0,False,PEP
2013-01-11,38.0,False,PEP
2013-01-12,37.0,False,PEP
2013-01-13,34.0,False,PEP
2013-01-14,52.0,False,PEP
2013-01-15,43.0,False,PEP
2013-01-16,100.0,False,PEP
2013-01-17,65.0,False,PEP
2013-01-18,48.0,False,PEP
2013-01-19,44.0,False,PEP
2013-01-20,35.0,False,PEP
2013-01-21,32.0,False,PEP
2013-01-22,30.0,False,PEP
2013-01-23,30.0,False,PEP
2013-01-24,29.0,False,PEP
2013-01-25,29.0,False,PEP
2013-01-26,30.0,False,PEP
2013-01-27,29.0,False,PEP
2013-01-28,31.0,False,PEP
2013-01-29,31.0,False,PEP
2013-01-30,31.0,False,PEP
2013-01-31,32.0,False,PEP
2013-02-01,33.0,False,PEP
2013-02-02,33.0,False,PEP
2013-02-03,29.0,False,PEP
2013-02-04,28.0,False,PEP
2013-02-05,28.0,False,PEP
2013-02-06,29.0,False,PEP
2013-02-07,28.0,False,PEP
2013-02-08,30.0,False,PEP
2013-02-09,31.0,False,PEP
2013-02-10,31.0,False,PEP
2013-02-11,31.0,False,PEP
2013-02-12,29.0,False,PEP
2013-02-13,28.0,False,PEP
2013-02-14,27.0,False,PEP
2013-02-15,31.0,False,PEP
2013-02-16,34.0,False,PEP
2013-02-17,30.0,False,PEP
2013-02-18,31.0,False,PEP
2013-02-19,42.0,False,PEP
2013-02-20,34.0,False,PEP
2013-02-21,31.0,False,PEP
2013-02-22,30.0,False,PEP
2013-02-23,33.0,False,PEP
2013-02-24,28.0,False,PEP
2013-02-25,28.0,False,PEP
2013-02-26,33.0,False,PEP
2013-02-27,32.0,False,PEP
2013-02-28,30.0,False,PEP
2013-03-01,32.0,False,PEP
2013-03-02,34.0,False,PEP
2013-03-03,31.0,False,PEP
2013-03-04,39.0,False,PEP
2013-03-05,33.0,False,PEP
2013-03-06,30.0,False,PEP
2013-03-07,30.0,False,PEP
2013-03-08,54.0,False,PEP
2013-03-09,47.0,False,PEP
2013-03-10,36.0,False,PEP
2013-03-11,33.0,False,PEP
2013-03-12,33.0,False,PEP
2013-03-13,32.0,False,PEP
2013-03-14,28.0,False,PEP
2013-03-15,31.0,False,PEP
2013-03-16,31.0,False,PEP
2013-03-17,28.0,False,PEP
2013-03-18,29.0,False,PEP
2013-03-19,30.0,False,PEP
2013-03-20,37.0,False,PEP
2013-03-21,40.0,False,PEP
2013-03-22,34.0,False,PEP
2013-03-23,31.0,False,PEP
2013-03-24,28.0,False,PEP
2013-03-25,30.0,False,PEP
2013-03-26,30.0,False,PEP
2013-03-27,30.0,False,PEP
2013-03-28,28.0,False,PEP
2013-03-29,29.0,False,PEP
2013-03-30,32.0,False,PEP
2013-03-31,28.0,False,PEP
2013-04-01,30.0,False,PEP
2013-04-02,30.0,False,PEP
2013-04-03,31.0,False,PEP
2013-04-04,31.0,False,PEP
2013-04-05,30.0,False,PEP
2013-04-06,31.0,False,PEP
2013-04-07,29.0,False,PEP
2013-04-08,27.0,False,PEP
2013-04-09,26.0,False,PEP
2013-04-10,29.0,False,PEP
2013-04-11,28.0,False,PEP
2013-04-12,32.0,False,PEP
2013-04-13,31.0,False,PEP
2013-04-14,28.0,False,PEP
2013-04-15,28.0,False,PEP
2013-04-16,29.0,False,PEP
2013-04-17,30.0,False,PEP
2013-04-18,29.0,False,PEP
2013-04-19,30.0,False,PEP
2013-04-20,30.0,False,PEP
2013-04-21,28.0,False,PEP
2013-04-22,29.0,False,PEP
2013-04-23,38.0,False,PEP
2013-04-24,38.0,False,PEP
2013-04-25,34.0,False,PEP
2013-04-26,32.0,False,PEP
2013-04-27,32.0,False,PEP
2013-04-28,28.0,False,PEP
2013-04-29,30.0,False,PEP
2013-04-30,30.0,False,PEP
2013-05-01,39.0,False,PEP
2013-05-02,38.0,False,PEP
2013-05-03,35.0,False,PEP
2013-05-04,33.0,False,PEP
2013-05-05,29.0,False,PEP
2013-05-06,33.0,False,PEP
2013-05-07,30.0,False,PEP
2013-05-08,32.0,False,PEP
2013-05-09,29.0,False,PEP
2013-05-10,29.0,False,PEP
2013-05-11,30.0,False,PEP
2013-05-12,26.0,False,PEP
2013-05-13,28.0,False,PEP
2013-05-14,30.0,False,PEP
2013-05-15,27.0,False,PEP
2013-05-16,28.0,False,PEP
2013-05-17,29.0,False,PEP
2013-05-18,29.0,False,PEP
2013-05-19,30.0,False,PEP
2013-05-20,30.0,False,PEP
2013-05-21,31.0,False,PEP
2013-05-22,29.0,False,PEP
2013-05-23,30.0,False,PEP
2013-05-24,30.0,False,PEP
2013-05-25,36.0,False,PEP
2013-05-26,32.0,False,PEP
2013-05-27,30.0,False,PEP
2013-05-28,30.0,False,PEP
2013-05-29,31.0,False,PEP
2013-05-30,30.0,False,PEP
2013-05-31,31.0,False,PEP
2013-06-01,33.0,False,PEP
2013-06-02,31.0,False,PEP
2013-06-03,30.0,False,PEP
2013-06-04,30.0,False,PEP
2013-06-05,29.0,False,PEP
2013-06-06,30.0,False,PEP
2013-06-07,28.0,False,PEP
2013-06-08,30.0,False,PEP
2013-06-09,29.0,False,PEP
2013-06-10,28.0,False,PEP
2013-06-11,26.0,False,PEP
2013-06-12,26.0,False,PEP
2013-06-13,27.0,False,PEP
2013-06-14,28.0,False,PEP
2013-06-15,30.0,False,PEP
2013-06-16,26.0,False,PEP
2013-06-17,27.0,False,PEP
2013-06-18,29.0,False,PEP
2013-06-19,28.0,False,PEP
2013-06-20,30.0,False,PEP
2013-06-21,28.0,False,PEP
2013-06-22,32.0,False,PEP
2013-06-23,28.0,False,PEP
2013-06-24,66.0,False,PEP
2013-06-25,42.0,False,PEP
2013-06-26,36.0,False,PEP
2013-06-27,33.0,False,PEP
2013-06-28,31.0,False,PEP
2013-06-29,36.0,False,PEP
2013-06-30,31.0,False,PEP
2013-07-01,31.0,False,PEP
2013-07-02,29.56923076923077,False,PEP
2013-07-03,31.47692307692308,False,PEP
2013-07-04,28.13846153846154,False,PEP
2013-07-05,31.0,False,PEP
2013-07-06,35.292307692307695,False,PEP
2013-07-07,32.90769230769231,False,PEP
2013-07-08,29.56923076923077,False,PEP
2013-07-09,29.56923076923077,False,PEP
2013-07-10,31.0,False,PEP
2013-07-11,32.90769230769231,False,PEP
2013-07-12,32.90769230769231,False,PEP
2013-07-13,33.861538461538466,False,PEP
2013-07-14,32.90769230769231,False,PEP
2013-07-15,31.0,False,PEP
2013-07-16,33.38461538461539,False,PEP
2013-07-17,29.092307692307696,False,PEP
2013-07-18,29.56923076923077,False,PEP
2013-07-19,33.38461538461539,False,PEP
2013-07-20,36.246153846153845,False,PEP
2013-07-21,33.861538461538466,False,PEP
2013-07-22,31.953846153846154,False,PEP
2013-07-23,29.092307692307696,False,PEP
2013-07-24,33.861538461538466,False,PEP
2013-07-25,33.38461538461539,False,PEP
2013-07-26,32.43076923076923,False,PEP
2013-07-27,37.67692307692308,False,PEP
2013-07-28,39.58461538461539,False,PEP
2013-07-29,34.33846153846154,False,PEP
2013-07-30,31.953846153846154,False,PEP
2013-07-31,33.861538461538466,False,PEP
2013-08-01,31.953846153846154,False,PEP
2013-08-02,31.953846153846154,False,PEP
2013-08-03,34.33846153846154,False,PEP
2013-08-04,32.90769230769231,False,PEP
2013-08-05,34.33846153846154,False,PEP
2013-08-06,31.0,False,PEP
2013-08-07,30.04615384615385,False,PEP
2013-08-08,30.04615384615385,False,PEP
2013-08-09,36.246153846153845,False,PEP
2013-08-10,35.292307692307695,False,PEP
2013-08-11,33.38461538461539,False,PEP
2013-08-12,31.953846153846154,False,PEP
2013-08-13,29.092307692307696,False,PEP
2013-08-14,30.04615384615385,False,PEP
2013-08-15,29.092307692307696,False,PEP
2013-08-16,29.092307692307696,False,PEP
2013-08-17,34.815384615384616,False,PEP
2013-08-18,31.0,False,PEP
2013-08-19,30.523076923076925,False,PEP
2013-08-20,30.04615384615385,False,PEP
2013-08-21,29.56923076923077,False,PEP
2013-08-22,27.661538461538463,False,PEP
2013-08-23,30.523076923076925,False,PEP
2013-08-24,33.38461538461539,False,PEP
2013-08-25,29.092307692307696,False,PEP
2013-08-26,31.0,False,PEP
2013-08-27,31.0,False,PEP
2013-08-28,29.092307692307696,False,PEP
2013-08-29,30.523076923076925,False,PEP
2013-08-30,47.69230769230769,False,PEP
2013-08-31,42.44615384615385,False,PEP
2013-09-01,32.90769230769231,False,PEP
2013-09-02,30.523076923076925,False,PEP
2013-09-03,32.43076923076923,False,PEP
2013-09-04,32.43076923076923,False,PEP
2013-09-05,31.953846153846154,False,PEP
2013-09-06,32.43076923076923,False,PEP
2013-09-07,32.43076923076923,False,PEP
2013-09-08,31.0,False,PEP
2013-09-09,29.092307692307696,False,PEP
2013-09-10,29.56923076923077,False,PEP
2013-09-11,28.615384615384617,False,PEP
2013-09-12,28.13846153846154,False,PEP
2013-09-13,31.0,False,PEP
2013-09-14,32.43076923076923,False,PEP
2013-09-15,33.38461538461539,False,PEP
2013-09-16,31.47692307692308,False,PEP
2013-09-17,31.0,False,PEP
2013-09-18,28.13846153846154,False,PEP
2013-09-19,30.523076923076925,False,PEP
2013-09-20,29.56923076923077,False,PEP
2013-09-21,30.04615384615385,False,PEP
2013-09-22,27.661538461538463,False,PEP
2013-09-23,28.13846153846154,False,PEP
2013-09-24,27.661538461538463,False,PEP
2013-09-25,28.615384615384617,False,PEP
2013-09-26,28.13846153846154,False,PEP
2013-09-27,31.0,False,PEP
2013-09-28,30.04615384615385,False,PEP
2013-09-29,27.661538461538463,False,PEP
2013-09-30,30.04615384615385,False,PEP
2013-10-01,30.04615384615385,False,PEP
2013-10-02,34.33846153846154,False,PEP
2013-10-03,30.523076923076925,False,PEP
2013-10-04,32.43076923076923,False,PEP
2013-10-05,31.953846153846154,False,PEP
2013-10-06,31.0,False,PEP
2013-10-07,31.47692307692308,False,PEP
2013-10-08,30.04615384615385,False,PEP
2013-10-09,29.092307692307696,False,PEP
2013-10-10,27.661538461538463,False,PEP
2013-10-11,31.953846153846154,False,PEP
2013-10-12,31.0,False,PEP
2013-10-13,27.661538461538463,False,PEP
2013-10-14,28.13846153846154,False,PEP
2013-10-15,27.184615384615388,False,PEP
2013-10-16,28.615384615384617,False,PEP
2013-10-17,27.661538461538463,False,PEP
2013-10-18,30.04615384615385,False,PEP
2013-10-19,31.953846153846154,False,PEP
2013-10-20,28.615384615384617,False,PEP
2013-10-21,27.661538461538463,False,PEP
2013-10-22,29.092307692307696,False,PEP
2013-10-23,30.523076923076925,False,PEP
2013-10-24,30.523076923076925,False,PEP
2013-10-25,30.04615384615385,False,PEP
2013-10-26,31.0,False,PEP
2013-10-27,27.661538461538463,False,PEP
2013-10-28,28.13846153846154,False,PEP
2013-10-29,28.13846153846154,False,PEP
2013-10-30,27.661538461538463,False,PEP
2013-10-31,27.184615384615388,False,PEP
2013-11-01,27.184615384615388,False,PEP
2013-11-02,31.47692307692308,False,PEP
2013-11-03,26.70769230769231,False,PEP
2013-11-04,27.661538461538463,False,PEP
2013-11-05,28.615384615384617,False,PEP
2013-11-06,27.184615384615388,False,PEP
2013-11-07,28.13846153846154,False,PEP
2013-11-08,29.092307692307696,False,PEP
2013-11-09,30.04615384615385,False,PEP
2013-11-10,29.56923076923077,False,PEP
2013-11-11,28.13846153846154,False,PEP
2013-11-12,30.04615384615385,False,PEP
2013-11-13,30.523076923076925,False,PEP
2013-11-14,29.56923076923077,False,PEP
2013-11-15,31.0,False,PEP
2013-11-16,30.523076923076925,False,PEP
2013-11-17,31.0,False,PEP
2013-11-18,27.661538461538463,False,PEP
2013-11-19,28.13846153846154,False,PEP
2013-11-20,27.184615384615388,False,PEP
2013-11-21,30.04615384615385,False,PEP
2013-11-22,28.13846153846154,False,PEP
2013-11-23,29.56923076923077,False,PEP
2013-11-24,31.47692307692308,False,PEP
2013-11-25,33.38461538461539,False,PEP
2013-11-26,31.0,False,PEP
2013-11-27,32.43076923076923,False,PEP
2013-11-28,28.615384615384617,False,PEP
2013-11-29,36.723076923076924,False,PEP
2013-11-30,32.43076923076923,False,PEP
2013-12-01,32.43076923076923,False,PEP
2013-12-02,30.04615384615385,False,PEP
2013-12-03,29.56923076923077,False,PEP
2013-12-04,28.615384615384617,False,PEP
2013-12-05,28.615384615384617,False,PEP
2013-12-06,27.184615384615388,False,PEP
2013-12-07,29.092307692307696,False,PEP
2013-12-08,28.615384615384617,False,PEP
2013-12-09,27.661538461538463,False,PEP
2013-12-10,30.04615384615385,False,PEP
2013-12-11,29.56923076923077,False,PEP
2013-12-12,26.230769230769234,False,PEP
2013-12-13,27.184615384615388,False,PEP
2013-12-14,29.56923076923077,False,PEP
2013-12-15,28.615384615384617,False,PEP
2013-12-16,28.13846153846154,False,PEP
2013-12-17,28.615384615384617,False,PEP
2013-12-18,27.661538461538463,False,PEP
2013-12-19,27.184615384615388,False,PEP
2013-12-20,29.56923076923077,False,PEP
2013-12-21,34.33846153846154,False,PEP
2013-12-22,30.04615384615385,False,PEP
2013-12-23,30.04615384615385,False,PEP
2013-12-24,23.846153846153847,False,PEP
2013-12-25,18.6,False,PEP
2013-12-26,28.13846153846154,False,PEP
2013-12-27,28.13846153846154,False,PEP
2013-12-28,28.13846153846154,False,PEP
2013-12-29,25.27692307692308,False,PEP
2013-12-30,27.184615384615388,False,PEP
2013-12-31,28.615384615384617,False,PEP
2014-01-01,26.230769230769234,False,PEP
2014-01-02,28.61538461538462,False,PEP
2014-01-03,32.1923076923077,False,PEP
2014-01-04,33.98076923076923,False,PEP
2014-01-05,29.807692307692314,False,PEP
2014-01-06,28.61538461538462,False,PEP
2014-01-07,29.807692307692314,False,PEP
2014-01-08,29.211538461538467,False,PEP
2014-01-09,29.211538461538467,False,PEP
2014-01-10,31.000000000000007,False,PEP
2014-01-11,31.000000000000007,False,PEP
2014-01-12,28.61538461538462,False,PEP
2014-01-13,29.211538461538467,False,PEP
2014-01-14,26.82692307692308,False,PEP
2014-01-15,29.807692307692314,False,PEP
2014-01-16,26.230769230769234,False,PEP
2014-01-17,29.211538461538467,False,PEP
2014-01-18,33.38461538461539,False,PEP
2014-01-19,26.82692307692308,False,PEP
2014-01-20,28.61538461538462,False,PEP
2014-01-21,25.63461538461539,False,PEP
2014-01-22,26.82692307692308,False,PEP
2014-01-23,27.423076923076927,False,PEP
2014-01-24,31.59615384615385,False,PEP
2014-01-25,33.38461538461539,False,PEP
2014-01-26,31.000000000000007,False,PEP
2014-01-27,30.40384615384616,False,PEP
2014-01-28,29.807692307692314,False,PEP
2014-01-29,29.807692307692314,False,PEP
2014-01-30,31.59615384615385,False,PEP
2014-01-31,31.000000000000007,False,PEP
2014-02-01,31.59615384615385,False,PEP
2014-02-02,28.019230769230774,False,PEP
2014-02-03,28.019230769230774,False,PEP
2014-02-04,28.61538461538462,False,PEP
2014-02-05,26.82692307692308,False,PEP
2014-02-06,28.61538461538462,False,PEP
2014-02-07,28.61538461538462,False,PEP
2014-02-08,32.78846153846155,False,PEP
2014-02-09,29.211538461538467,False,PEP
2014-02-10,28.61538461538462,False,PEP
2014-02-11,31.59615384615385,False,PEP
2014-02-12,29.807692307692314,False,PEP
2014-02-13,28.019230769230774,False,PEP
2014-02-14,30.40384615384616,False,PEP
2014-02-15,32.78846153846155,False,PEP
2014-02-16,33.38461538461539,False,PEP
2014-02-17,32.78846153846155,False,PEP
2014-02-18,29.211538461538467,False,PEP
2014-02-19,41.134615384615394,False,PEP
2014-02-20,33.98076923076923,False,PEP
2014-02-21,32.1923076923077,False,PEP
2014-02-22,39.346153846153854,False,PEP
2014-02-23,34.57692307692308,False,PEP
2014-02-24,32.78846153846155,False,PEP
2014-02-25,31.59615384615385,False,PEP
2014-02-26,31.59615384615385,False,PEP
2014-02-27,32.1923076923077,False,PEP
2014-02-28,32.78846153846155,False,PEP
2014-03-01,38.75000000000001,False,PEP
2014-03-02,32.1923076923077,False,PEP
2014-03-03,28.61538461538462,False,PEP
2014-03-04,31.59615384615385,False,PEP
2014-03-05,28.61538461538462,False,PEP
2014-03-06,29.807692307692314,False,PEP
2014-03-07,31.000000000000007,False,PEP
2014-03-08,32.1923076923077,False,PEP
2014-03-09,31.59615384615385,False,PEP
2014-03-10,30.40384615384616,False,PEP
2014-03-11,32.78846153846155,False,PEP
2014-03-12,31.000000000000007,False,PEP
2014-03-13,28.019230769230774,False,PEP
2014-03-14,33.38461538461539,False,PEP
2014-03-15,35.17307692307693,False,PEP
2014-03-16,29.807692307692314,False,PEP
2014-03-17,31.59615384615385,False,PEP
2014-03-18,30.40384615384616,False,PEP
2014-03-19,32.78846153846155,False,PEP
2014-03-20,31.000000000000007,False,PEP
2014-03-21,32.1923076923077,False,PEP
2014-03-22,34.57692307692308,False,PEP
2014-03-23,31.59615384615385,False,PEP
2014-03-24,29.807692307692314,False,PEP
2014-03-25,32.78846153846155,False,PEP
2014-03-26,32.78846153846155,False,PEP
2014-03-27,31.000000000000007,False,PEP
2014-03-28,33.98076923076923,False,PEP
2014-03-29,34.57692307692308,False,PEP
2014-03-30,29.807692307692314,False,PEP
2014-03-31,33.38461538461539,False,PEP
2014-04-01,38.15384615384616,False,PEP
2014-04-02,34.57692307692308,False,PEP
2014-04-03,31.000000000000007,False,PEP
2014-04-04,32.1923076923077,False,PEP
2014-04-05,33.38461538461539,False,PEP
2014-04-06,30.40384615384616,False,PEP
2014-04-07,33.98076923076923,False,PEP
2014-04-08,31.59615384615385,False,PEP
2014-04-09,38.75000000000001,False,PEP
2014-04-10,33.38461538461539,False,PEP
2014-04-11,33.98076923076923,False,PEP
2014-04-12,37.557692307692314,False,PEP
2014-04-13,32.1923076923077,False,PEP
2014-04-14,29.807692307692314,False,PEP
2014-04-15,30.40384615384616,False,PEP
2014-04-16,32.1923076923077,False,PEP
2014-04-17,33.98076923076923,False,PEP
2014-04-18,32.1923076923077,False,PEP
2014-04-19,32.78846153846155,False,PEP
2014-04-20,30.40384615384616,False,PEP
2014-04-21,31.000000000000007,False,PEP
2014-04-22,34.57692307692308,False,PEP
2014-04-23,53.65384615384616,False,PEP
2014-04-24,39.9423076923077,False,PEP
2014-04-25,48.28846153846155,False,PEP
2014-04-26,59.61538461538463,False,PEP
2014-04-27,40.53846153846155,False,PEP
2014-04-28,37.557692307692314,False,PEP
2014-04-29,57.23076923076924,False,PEP
2014-04-30,55.4423076923077,False,PEP
2014-05-01,40.53846153846155,False,PEP
2014-05-02,34.57692307692308,False,PEP
2014-05-03,35.17307692307693,False,PEP
2014-05-04,32.78846153846155,False,PEP
2014-05-05,29.807692307692314,False,PEP
2014-05-06,29.211538461538467,False,PEP
2014-05-07,27.423076923076927,False,PEP
2014-05-08,28.61538461538462,False,PEP
2014-05-09,28.61538461538462,False,PEP
2014-05-10,35.17307692307693,False,PEP
2014-05-11,31.000000000000007,False,PEP
2014-05-12,32.78846153846155,False,PEP
2014-05-13,29.807692307692314,False,PEP
2014-05-14,29.807692307692314,False,PEP
2014-05-15,30.40384615384616,False,PEP
2014-05-16,30.40384615384616,False,PEP
2014-05-17,47.096153846153854,False,PEP
2014-05-18,39.346153846153854,False,PEP
2014-05-19,34.57692307692308,False,PEP
2014-05-20,31.000000000000007,False,PEP
2014-05-21,29.807692307692314,False,PEP
2014-05-22,29.807692307692314,False,PEP
2014-05-23,30.40384615384616,False,PEP
2014-05-24,33.98076923076923,False,PEP
2014-05-25,29.211538461538467,False,PEP
2014-05-26,28.61538461538462,False,PEP
2014-05-27,29.807692307692314,False,PEP
2014-05-28,30.40384615384616,False,PEP
2014-05-29,39.346153846153854,False,PEP
2014-05-30,33.98076923076923,False,PEP
2014-05-31,33.98076923076923,False,PEP
2014-06-01,31.000000000000007,False,PEP
2014-06-02,30.40384615384616,False,PEP
2014-06-03,31.000000000000007,False,PEP
2014-06-04,29.807692307692314,False,PEP
2014-06-05,30.40384615384616,False,PEP
2014-06-06,28.019230769230774,False,PEP
2014-06-07,31.59615384615385,False,PEP
2014-06-08,29.807692307692314,False,PEP
2014-06-09,28.61538461538462,False,PEP
2014-06-10,29.211538461538467,False,PEP
2014-06-11,26.82692307692308,False,PEP
2014-06-12,26.230769230769234,False,PEP
2014-06-13,28.61538461538462,False,PEP
2014-06-14,29.807692307692314,False,PEP
2014-06-15,26.230769230769234,False,PEP
2014-06-16,29.807692307692314,False,PEP
2014-06-17,28.019230769230774,False,PEP
2014-06-18,31.59615384615385,False,PEP
2014-06-19,29.807692307692314,False,PEP
2014-06-20,31.000000000000007,False,PEP
2014-06-21,33.38461538461539,False,PEP
2014-06-22,28.019230769230774,False,PEP
2014-06-23,30.40384615384616,False,PEP
2014-06-24,29.211538461538467,False,PEP
2014-06-25,31.59615384615385,False,PEP
2014-06-26,30.40384615384616,False,PEP
2014-06-27,29.807692307692314,False,PEP
2014-06-28,31.59615384615385,False,PEP
2014-06-29,30.40384615384616,False,PEP
2014-06-30,31.000000000000007,False,PEP
2014-07-01,31.000000000000007,False,PEP
2014-07-02,31.000000000000007,False,PEP
2014-07-03,33.81818181818183,False,PEP
2014-07-04,31.000000000000007,False,PEP
2014-07-05,31.000000000000007,False,PEP
2014-07-06,33.81818181818183,False,PEP
2014-07-07,31.000000000000007,False,PEP
2014-07-08,29.590909090909097,False,PEP
2014-07-09,31.000000000000007,False,PEP
2014-07-10,30.530303030303035,False,PEP
2014-07-11,33.34848484848485,False,PEP
2014-07-12,34.287878787878796,False,PEP
2014-07-13,35.227272727272734,False,PEP
2014-07-14,38.045454545454554,False,PEP
2014-07-15,34.287878787878796,False,PEP
2014-07-16,31.000000000000007,False,PEP
2014-07-17,28.651515151515156,False,PEP
2014-07-18,30.060606060606066,False,PEP
2014-07-19,34.287878787878796,False,PEP
2014-07-20,31.469696969696976,False,PEP
2014-07-21,30.060606060606066,False,PEP
2014-07-22,31.469696969696976,False,PEP
2014-07-23,30.530303030303035,False,PEP
2014-07-24,30.060606060606066,False,PEP
2014-07-25,31.469696969696976,False,PEP
2014-07-26,33.34848484848485,False,PEP
2014-07-27,32.409090909090914,False,PEP
2014-07-28,31.469696969696976,False,PEP
2014-07-29,30.530303030303035,False,PEP
2014-07-30,31.469696969696976,False,PEP
2014-07-31,30.530303030303035,False,PEP
2014-08-01,32.87878787878788,False,PEP
2014-08-02,34.757575757575765,False,PEP
2014-08-03,32.409090909090914,False,PEP
2014-08-04,30.530303030303035,False,PEP
2014-08-05,31.000000000000007,False,PEP
2014-08-06,31.469696969696976,False,PEP
2014-08-07,46.969696969696976,False,PEP
2014-08-08,33.81818181818183,False,PEP
2014-08-09,33.81818181818183,False,PEP
2014-08-10,32.409090909090914,False,PEP
2014-08-11,29.121212121212125,False,PEP
2014-08-12,29.121212121212125,False,PEP
2014-08-13,31.469696969696976,False,PEP
2014-08-14,31.000000000000007,False,PEP
2014-08-15,29.121212121212125,False,PEP
2014-08-16,35.227272727272734,False,PEP
2014-08-17,32.409090909090914,False,PEP
2014-08-18,31.000000000000007,False,PEP
2014-08-19,29.121212121212125,False,PEP
2014-08-20,31.000000000000007,False,PEP
2014-08-21,31.469696969696976,False,PEP
2014-08-22,31.469696969696976,False,PEP
2014-08-23,34.757575757575765,False,PEP
2014-08-24,32.409090909090914,False,PEP
2014-08-25,32.409090909090914,False,PEP
2014-08-26,31.939393939393945,False,PEP
2014-08-27,31.939393939393945,False,PEP
2014-08-28,32.87878787878788,False,PEP
2014-08-29,35.227272727272734,False,PEP
2014-08-30,35.6969696969697,False,PEP
2014-08-31,32.409090909090914,False,PEP
2014-09-01,35.227272727272734,False,PEP
2014-09-02,32.409090909090914,False,PEP
2014-09-03,30.530303030303035,False,PEP
2014-09-04,31.939393939393945,False,PEP
2014-09-05,32.87878787878788,False,PEP
2014-09-06,33.81818181818183,False,PEP
2014-09-07,32.87878787878788,False,PEP
2014-09-08,32.87878787878788,False,PEP
2014-09-09,31.469696969696976,False,PEP
2014-09-10,30.530303030303035,False,PEP
2014-09-11,30.530303030303035,False,PEP
2014-09-12,33.34848484848485,False,PEP
2014-09-13,34.757575757575765,False,PEP
2014-09-14,37.575757575757585,False,PEP
2014-09-15,34.757575757575765,False,PEP
2014-09-16,33.34848484848485,False,PEP
2014-09-17,35.6969696969697,False,PEP
2014-09-18,32.409090909090914,False,PEP
2014-09-19,33.34848484848485,False,PEP
2014-09-20,33.81818181818183,False,PEP
2014-09-21,32.409090909090914,False,PEP
2014-09-22,31.000000000000007,False,PEP
2014-09-23,30.530303030303035,False,PEP
2014-09-24,29.590909090909097,False,PEP
2014-09-25,31.939393939393945,False,PEP
2014-09-26,33.81818181818183,False,PEP
2014-09-27,31.000000000000007,False,PEP
2014-09-28,29.121212121212125,False,PEP
2014-09-29,29.590909090909097,False,PEP
2014-09-30,32.409090909090914,False,PEP
2014-10-01,30.530303030303035,False,PEP
2014-10-02,30.530303030303035,False,PEP
2014-10-03,32.409090909090914,False,PEP
2014-10-04,33.34848484848485,False,PEP
2014-10-05,29.590909090909097,False,PEP
2014-10-06,30.530303030303035,False,PEP
2014-10-07,27.712121212121218,False,PEP
2014-10-08,27.712121212121218,False,PEP
2014-10-09,29.590909090909097,False,PEP
2014-10-10,33.34848484848485,False,PEP
2014-10-11,31.469696969696976,False,PEP
2014-10-12,28.651515151515156,False,PEP
2014-10-13,29.121212121212125,False,PEP
2014-10-14,28.181818181818187,False,PEP
2014-10-15,30.060606060606066,False,PEP
2014-10-16,33.34848484848485,False,PEP
2014-10-17,32.87878787878788,False,PEP
2014-10-18,34.757575757575765,False,PEP
2014-10-19,29.590909090909097,False,PEP
2014-10-20,30.060606060606066,False,PEP
2014-10-21,35.227272727272734,False,PEP
2014-10-22,31.939393939393945,False,PEP
2014-10-23,31.000000000000007,False,PEP
2014-10-24,30.530303030303035,False,PEP
2014-10-25,30.530303030303035,False,PEP
2014-10-26,30.060606060606066,False,PEP
2014-10-27,30.060606060606066,False,PEP
2014-10-28,30.060606060606066,False,PEP
2014-10-29,29.121212121212125,False,PEP
2014-10-30,28.181818181818187,False,PEP
2014-10-31,26.772727272727277,False,PEP
2014-11-01,31.939393939393945,False,PEP
2014-11-02,30.530303030303035,False,PEP
2014-11-03,29.590909090909097,False,PEP
2014-11-04,28.181818181818187,False,PEP
2014-11-05,32.409090909090914,False,PEP
2014-11-06,29.121212121212125,False,PEP
2014-11-07,30.060606060606066,False,PEP
2014-11-08,30.530303030303035,False,PEP
2014-11-09,30.530303030303035,False,PEP
2014-11-10,31.000000000000007,False,PEP
2014-11-11,31.939393939393945,False,PEP
2014-11-12,29.121212121212125,False,PEP
2014-11-13,30.530303030303035,False,PEP
2014-11-14,31.939393939393945,False,PEP
2014-11-15,31.939393939393945,False,PEP
2014-11-16,32.87878787878788,False,PEP
2014-11-17,31.469696969696976,False,PEP
2014-11-18,31.000000000000007,False,PEP
2014-11-19,30.530303030303035,False,PEP
2014-11-20,30.530303030303035,False,PEP
2014-11-21,29.590909090909097,False,PEP
2014-11-22,34.757575757575765,False,PEP
2014-11-23,30.530303030303035,False,PEP
2014-11-24,31.939393939393945,False,PEP
2014-11-25,32.409090909090914,False,PEP
2014-11-26,31.469696969696976,False,PEP
2014-11-27,25.83333333333334,False,PEP
2014-11-28,36.63636363636364,False,PEP
2014-11-29,33.34848484848485,False,PEP
2014-11-30,31.000000000000007,False,PEP
2014-12-01,31.939393939393945,False,PEP
2014-12-02,29.121212121212125,False,PEP
2014-12-03,28.181818181818187,False,PEP
2014-12-04,28.181818181818187,False,PEP
2014-12-05,29.590909090909097,False,PEP
2014-12-06,31.469696969696976,False,PEP
2014-12-07,28.181818181818187,False,PEP
2014-12-08,29.590909090909097,False,PEP
2014-12-09,27.242424242424246,False,PEP
2014-12-10,27.242424242424246,False,PEP
2014-12-11,28.181818181818187,False,PEP
2014-12-12,30.530303030303035,False,PEP
2014-12-13,31.939393939393945,False,PEP
2014-12-14,27.242424242424246,False,PEP
2014-12-15,28.651515151515156,False,PEP
2014-12-16,29.590909090909097,False,PEP
2014-12-17,27.712121212121218,False,PEP
2014-12-18,27.242424242424246,False,PEP
2014-12-19,29.121212121212125,False,PEP
2014-12-20,30.530303030303035,False,PEP
2014-12-21,29.590909090909097,False,PEP
2014-12-22,30.530303030303035,False,PEP
2014-12-23,29.121212121212125,False,PEP
2014-12-24,27.242424242424246,False,PEP
2014-12-25,20.1969696969697,False,PEP
2014-12-26,29.590909090909097,False,PEP
2014-12-27,30.060606060606066,False,PEP
2014-12-28,27.242424242424246,False,PEP
2014-12-29,30.530303030303035,False,PEP
2014-12-30,30.060606060606066,False,PEP
2014-12-31,29.590909090909097,False,PEP
2015-01-01,27.712121212121218,False,PEP
2015-01-01,27.71212121212122,False,PEP
2015-01-02,32.12086776859505,False,PEP
2015-01-03,32.12086776859505,False,PEP
2015-01-04,32.75068870523417,False,PEP
2015-01-05,29.601584022038576,False,PEP
2015-01-06,29.601584022038576,False,PEP
2015-01-07,30.231404958677693,False,PEP
2015-01-08,32.12086776859505,False,PEP
2015-01-09,32.12086776859505,False,PEP
2015-01-10,35.899793388429764,False,PEP
2015-01-11,30.861225895316814,False,PEP
2015-01-12,29.601584022038576,False,PEP
2015-01-13,29.601584022038576,False,PEP
2015-01-14,30.231404958677693,False,PEP
2015-01-15,30.231404958677693,False,PEP
2015-01-16,30.231404958677693,False,PEP
2015-01-17,33.38050964187329,False,PEP
2015-01-18,33.38050964187329,False,PEP
2015-01-19,30.861225895316814,False,PEP
2015-01-20,29.601584022038576,False,PEP
2015-01-21,30.861225895316814,False,PEP
2015-01-22,28.97176308539946,False,PEP
2015-01-23,30.231404958677693,False,PEP
2015-01-24,30.861225895316814,False,PEP
2015-01-25,30.231404958677693,False,PEP
2015-01-26,32.12086776859505,False,PEP
2015-01-27,29.601584022038576,False,PEP
2015-01-28,30.231404958677693,False,PEP
2015-01-29,27.71212121212122,False,PEP
2015-01-30,32.12086776859505,False,PEP
2015-01-31,34.64015151515152,False,PEP
2015-02-01,31.49104683195593,False,PEP
2015-02-02,28.97176308539946,False,PEP
2015-02-03,30.861225895316814,False,PEP
2015-02-04,32.12086776859505,False,PEP
2015-02-05,29.601584022038576,False,PEP
2015-02-06,32.75068870523417,False,PEP
2015-02-07,34.01033057851241,False,PEP
2015-02-08,33.38050964187329,False,PEP
2015-02-09,30.231404958677693,False,PEP
2015-02-10,29.601584022038576,False,PEP
2015-02-11,31.49104683195593,False,PEP
2015-02-12,32.12086776859505,False,PEP
2015-02-13,30.861225895316814,False,PEP
2015-02-14,33.38050964187329,False,PEP
2015-02-15,33.38050964187329,False,PEP
2015-02-16,34.64015151515152,False,PEP
2015-02-17,34.01033057851241,False,PEP
2015-02-18,33.38050964187329,False,PEP
2015-02-19,34.01033057851241,False,PEP
2015-02-20,37.159435261708,False,PEP
2015-02-21,36.529614325068884,False,PEP
2015-02-22,32.75068870523417,False,PEP
2015-02-23,32.12086776859505,False,PEP
2015-02-24,32.75068870523417,False,PEP
2015-02-25,31.49104683195593,False,PEP
2015-02-26,31.49104683195593,False,PEP
2015-02-27,32.12086776859505,False,PEP
2015-02-28,35.26997245179064,False,PEP
2015-03-01,30.861225895316814,False,PEP
2015-03-02,32.75068870523417,False,PEP
2015-03-03,32.12086776859505,False,PEP
2015-03-04,32.75068870523417,False,PEP
2015-03-05,32.12086776859505,False,PEP
2015-03-06,32.12086776859505,False,PEP
2015-03-07,35.26997245179064,False,PEP
2015-03-08,34.01033057851241,False,PEP
2015-03-09,33.38050964187329,False,PEP
2015-03-10,32.12086776859505,False,PEP
2015-03-11,34.64015151515152,False,PEP
2015-03-12,34.64015151515152,False,PEP
2015-03-13,34.01033057851241,False,PEP
2015-03-14,37.159435261708,False,PEP
2015-03-15,34.01033057851241,False,PEP
2015-03-16,34.01033057851241,False,PEP
2015-03-17,31.49104683195593,False,PEP
2015-03-18,39.67871900826447,False,PEP
2015-03-19,39.67871900826447,False,PEP
2015-03-20,34.64015151515152,False,PEP
2015-03-21,38.41907713498624,False,PEP
2015-03-22,34.64015151515152,False,PEP
2015-03-23,33.38050964187329,False,PEP
2015-03-24,31.49104683195593,False,PEP
2015-03-25,27.71212121212122,False,PEP
2015-03-26,28.97176308539946,False,PEP
2015-03-27,30.861225895316814,False,PEP
2015-03-28,32.75068870523417,False,PEP
2015-03-29,31.49104683195593,False,PEP
2015-03-30,30.861225895316814,False,PEP
2015-03-31,31.49104683195593,False,PEP
2015-04-01,30.861225895316814,False,PEP
2015-04-02,30.861225895316814,False,PEP
2015-04-03,32.75068870523417,False,PEP
2015-04-04,35.899793388429764,False,PEP
2015-04-05,31.49104683195593,False,PEP
2015-04-06,30.861225895316814,False,PEP
2015-04-07,30.861225895316814,False,PEP
2015-04-08,34.64015151515152,False,PEP
2015-04-09,33.38050964187329,False,PEP
2015-04-10,32.75068870523417,False,PEP
2015-04-11,35.899793388429764,False,PEP
2015-04-12,32.75068870523417,False,PEP
2015-04-13,30.861225895316814,False,PEP
2015-04-14,31.49104683195593,False,PEP
2015-04-15,37.78925619834712,False,PEP
2015-04-16,38.41907713498624,False,PEP
2015-04-17,43.45764462809919,False,PEP
2015-04-18,38.41907713498624,False,PEP
2015-04-19,34.64015151515152,False,PEP
2015-04-20,34.64015151515152,False,PEP
2015-04-21,45.976928374655664,False,PEP
2015-04-22,48.49621212121214,False,PEP
2015-04-23,37.159435261708,False,PEP
2015-04-24,40.938360881542714,False,PEP
2015-04-25,40.30853994490359,False,PEP
2015-04-26,34.01033057851241,False,PEP
2015-04-27,34.01033057851241,False,PEP
2015-04-28,40.30853994490359,False,PEP
2015-04-29,36.529614325068884,False,PEP
2015-04-30,34.64015151515152,False,PEP
2015-05-01,37.78925619834712,False,PEP
2015-05-02,35.899793388429764,False,PEP
2015-05-03,32.12086776859505,False,PEP
2015-05-04,32.75068870523417,False,PEP
2015-05-05,38.41907713498624,False,PEP
2015-05-06,62.98209366391186,False,PEP
2015-05-07,51.64531680440773,False,PEP
2015-05-08,39.67871900826447,False,PEP
2015-05-09,51.64531680440773,False,PEP
2015-05-10,45.976928374655664,False,PEP
2015-05-11,42.19800275482095,False,PEP
2015-05-12,56.68388429752068,False,PEP
2015-05-13,40.938360881542714,False,PEP
2015-05-14,33.38050964187329,False,PEP
2015-05-15,33.38050964187329,False,PEP
2015-05-16,38.41907713498624,False,PEP
2015-05-17,34.01033057851241,False,PEP
2015-05-18,30.861225895316814,False,PEP
2015-05-19,31.49104683195593,False,PEP
2015-05-20,32.12086776859505,False,PEP
2015-05-21,35.26997245179064,False,PEP
2015-05-22,34.64015151515152,False,PEP
2015-05-23,35.899793388429764,False,PEP
2015-05-24,32.75068870523417,False,PEP
2015-05-25,32.12086776859505,False,PEP
2015-05-26,33.38050964187329,False,PEP
2015-05-27,33.38050964187329,False,PEP
2015-05-28,32.12086776859505,False,PEP
2015-05-29,34.64015151515152,False,PEP
2015-05-30,35.26997245179064,False,PEP
2015-05-31,35.26997245179064,False,PEP
2015-06-01,33.38050964187329,False,PEP
2015-06-02,32.12086776859505,False,PEP
2015-06-03,32.75068870523417,False,PEP
2015-06-04,33.38050964187329,False,PEP
2015-06-05,32.75068870523417,False,PEP
2015-06-06,37.159435261708,False,PEP
2015-06-07,34.64015151515152,False,PEP
2015-06-08,32.75068870523417,False,PEP
2015-06-09,32.12086776859505,False,PEP
2015-06-10,31.49104683195593,False,PEP
2015-06-11,30.861225895316814,False,PEP
2015-06-12,34.64015151515152,False,PEP
2015-06-13,35.26997245179064,False,PEP
2015-06-14,34.01033057851241,False,PEP
2015-06-15,31.49104683195593,False,PEP
2015-06-16,31.49104683195593,False,PEP
2015-06-17,29.601584022038576,False,PEP
2015-06-18,33.38050964187329,False,PEP
2015-06-19,32.12086776859505,False,PEP
2015-06-20,32.75068870523417,False,PEP
2015-06-21,27.0823002754821,False,PEP
2015-06-22,30.861225895316814,False,PEP
2015-06-23,32.75068870523417,False,PEP
2015-06-24,29.601584022038576,False,PEP
2015-06-25,32.12086776859505,False,PEP
2015-06-26,32.12086776859505,False,PEP
2015-06-27,34.64015151515152,False,PEP
2015-06-28,32.75068870523417,False,PEP
2015-06-29,32.12086776859505,False,PEP
2015-06-30,32.12086776859505,False,PEP
2015-07-01,33.38050964187329,False,PEP
2015-07-02,34.362289337222506,False,PEP
2015-07-03,35.34406903257172,False,PEP
2015-07-04,32.39872994652408,False,PEP
2015-07-05,31.41695025117486,False,PEP
2015-07-06,34.362289337222506,False,PEP
2015-07-07,34.362289337222506,False,PEP
2015-07-08,35.34406903257172,False,PEP
2015-07-09,34.362289337222506,False,PEP
2015-07-10,35.34406903257172,False,PEP
2015-07-11,38.28940811861936,False,PEP
2015-07-12,37.307628423270145,False,PEP
2015-07-13,31.41695025117486,False,PEP
2015-07-14,32.39872994652408,False,PEP
2015-07-15,32.39872994652408,False,PEP
2015-07-16,33.38050964187329,False,PEP
2015-07-17,34.362289337222506,False,PEP
2015-07-18,35.34406903257172,False,PEP
2015-07-19,32.39872994652408,False,PEP
2015-07-20,33.38050964187329,False,PEP
2015-07-21,33.38050964187329,False,PEP
2015-07-22,33.38050964187329,False,PEP
2015-07-23,31.41695025117486,False,PEP
2015-07-24,33.38050964187329,False,PEP
2015-07-25,37.307628423270145,False,PEP
2015-07-26,40.25296750931779,False,PEP
2015-07-27,36.325848727920935,False,PEP
2015-07-28,35.34406903257172,False,PEP
2015-07-29,33.38050964187329,False,PEP
2015-07-30,34.362289337222506,False,PEP
2015-07-31,37.307628423270145,False,PEP
2015-08-01,44.18008629071465,False,PEP
2015-08-02,38.28940811861936,False,PEP
2015-08-03,36.325848727920935,False,PEP
2015-08-04,37.307628423270145,False,PEP
2015-08-05,40.25296750931779,False,PEP
2015-08-06,36.325848727920935,False,PEP
2015-08-07,35.34406903257172,False,PEP
2015-08-08,38.28940811861936,False,PEP
2015-08-09,34.362289337222506,False,PEP
2015-08-10,34.362289337222506,False,PEP
2015-08-11,32.39872994652408,False,PEP
2015-08-12,35.34406903257172,False,PEP
2015-08-13,33.38050964187329,False,PEP
2015-08-14,38.28940811861936,False,PEP
2015-08-15,36.325848727920935,False,PEP
2015-08-16,34.362289337222506,False,PEP
2015-08-17,33.38050964187329,False,PEP
2015-08-18,32.39872994652408,False,PEP
2015-08-19,31.41695025117486,False,PEP
2015-08-20,32.39872994652408,False,PEP
2015-08-21,35.34406903257172,False,PEP
2015-08-22,37.307628423270145,False,PEP
2015-08-23,33.38050964187329,False,PEP
2015-08-24,33.38050964187329,False,PEP
2015-08-25,32.39872994652408,False,PEP
2015-08-26,32.39872994652408,False,PEP
2015-08-27,32.39872994652408,False,PEP
2015-08-28,34.362289337222506,False,PEP
2015-08-29,39.271187813968574,False,PEP
2015-08-30,33.38050964187329,False,PEP
2015-08-31,33.38050964187329,False,PEP
2015-09-01,32.39872994652408,False,PEP
2015-09-02,34.362289337222506,False,PEP
2015-09-03,34.362289337222506,False,PEP
2015-09-04,36.325848727920935,False,PEP
2015-09-05,34.362289337222506,False,PEP
2015-09-06,32.39872994652408,False,PEP
2015-09-07,35.34406903257172,False,PEP
2015-09-08,31.41695025117486,False,PEP
2015-09-09,32.39872994652408,False,PEP
2015-09-10,33.38050964187329,False,PEP
2015-09-11,35.34406903257172,False,PEP
2015-09-12,37.307628423270145,False,PEP
2015-09-13,32.39872994652408,False,PEP
2015-09-14,31.41695025117486,False,PEP
2015-09-15,32.39872994652408,False,PEP
2015-09-16,32.39872994652408,False,PEP
2015-09-17,33.38050964187329,False,PEP
2015-09-18,33.38050964187329,False,PEP
2015-09-19,35.34406903257172,False,PEP
2015-09-20,32.39872994652408,False,PEP
2015-09-21,34.362289337222506,False,PEP
2015-09-22,36.325848727920935,False,PEP
2015-09-23,38.28940811861936,False,PEP
2015-09-24,35.34406903257172,False,PEP
2015-09-25,40.25296750931779,False,PEP
2015-09-26,36.325848727920935,False,PEP
2015-09-27,34.362289337222506,False,PEP
2015-09-28,32.39872994652408,False,PEP
2015-09-29,33.38050964187329,False,PEP
2015-09-30,34.362289337222506,False,PEP
2015-10-01,35.34406903257172,False,PEP
2015-10-02,35.34406903257172,False,PEP
2015-10-03,40.25296750931779,False,PEP
2015-10-04,35.34406903257172,False,PEP
2015-10-05,37.307628423270145,False,PEP
2015-10-06,34.362289337222506,False,PEP
2015-10-07,34.362289337222506,False,PEP
2015-10-08,38.28940811861936,False,PEP
2015-10-09,37.307628423270145,False,PEP
2015-10-10,35.34406903257172,False,PEP
2015-10-11,33.38050964187329,False,PEP
2015-10-12,34.362289337222506,False,PEP
2015-10-13,32.39872994652408,False,PEP
2015-10-14,34.362289337222506,False,PEP
2015-10-15,30.435170555825646,False,PEP
2015-10-16,36.325848727920935,False,PEP
2015-10-17,36.325848727920935,False,PEP
2015-10-18,34.362289337222506,False,PEP
2015-10-19,35.34406903257172,False,PEP
2015-10-20,36.325848727920935,False,PEP
2015-10-21,33.38050964187329,False,PEP
2015-10-22,32.39872994652408,False,PEP
2015-10-23,34.362289337222506,False,PEP
2015-10-24,35.34406903257172,False,PEP
2015-10-25,33.38050964187329,False,PEP
2015-10-26,39.271187813968574,False,PEP
2015-10-27,36.325848727920935,False,PEP
2015-10-28,34.362289337222506,False,PEP
2015-10-29,33.38050964187329,False,PEP
2015-10-30,33.38050964187329,False,PEP
2015-10-31,32.39872994652408,False,PEP
2015-11-01,32.39872994652408,False,PEP
2015-11-02,33.38050964187329,False,PEP
2015-11-03,34.362289337222506,False,PEP
2015-11-04,45.16186598606386,False,PEP
2015-11-05,36.325848727920935,False,PEP
2015-11-06,35.34406903257172,False,PEP
2015-11-07,37.307628423270145,False,PEP
2015-11-08,31.41695025117486,False,PEP
2015-11-09,33.38050964187329,False,PEP
2015-11-10,30.435170555825646,False,PEP
2015-11-11,34.362289337222506,False,PEP
2015-11-12,31.41695025117486,False,PEP
2015-11-13,33.38050964187329,False,PEP
2015-11-14,33.38050964187329,False,PEP
2015-11-15,32.39872994652408,False,PEP
2015-11-16,32.39872994652408,False,PEP
2015-11-17,32.39872994652408,False,PEP
2015-11-18,29.453390860476432,False,PEP
2015-11-19,30.435170555825646,False,PEP
2015-11-20,32.39872994652408,False,PEP
2015-11-21,36.325848727920935,False,PEP
2015-11-22,33.38050964187329,False,PEP
2015-11-23,33.38050964187329,False,PEP
2015-11-24,33.38050964187329,False,PEP
2015-11-25,34.362289337222506,False,PEP
2015-11-26,30.435170555825646,False,PEP
2015-11-27,45.16186598606386,False,PEP
2015-11-28,39.271187813968574,False,PEP
2015-11-29,38.28940811861936,False,PEP
2015-11-30,36.325848727920935,False,PEP
2015-12-01,30.435170555825646,False,PEP
2015-12-02,32.39872994652408,False,PEP
2015-12-03,31.41695025117486,False,PEP
2015-12-04,32.39872994652408,False,PEP
2015-12-05,34.362289337222506,False,PEP
2015-12-06,31.41695025117486,False,PEP
2015-12-07,33.38050964187329,False,PEP
2015-12-08,33.38050964187329,False,PEP
2015-12-09,33.38050964187329,False,PEP
2015-12-10,30.435170555825646,False,PEP
2015-12-11,33.38050964187329,False,PEP
2015-12-12,35.34406903257172,False,PEP
2015-12-13,33.38050964187329,False,PEP
2015-12-14,36.325848727920935,False,PEP
2015-12-15,36.325848727920935,False,PEP
2015-12-16,43.19830659536543,False,PEP
2015-12-17,60.87034111165129,False,PEP
2015-12-18,53.99788324420679,False,PEP
2015-12-19,79.52415532328637,False,PEP
2015-12-20,98.17796953492144,False,PEP
2015-12-21,63.81568019769894,False,PEP
2015-12-22,51.05254415815915,False,PEP
2015-12-23,51.05254415815915,False,PEP
2015-12-24,46.143645681413076,False,PEP
2015-12-25,37.307628423270145,False,PEP
2015-12-26,48.107205072111505,False,PEP
2015-12-27,45.16186598606386,False,PEP
2015-12-28,42.21652690001622,False,PEP
2015-12-29,42.21652690001622,False,PEP
2015-12-30,40.25296750931779,False,PEP
2015-12-31,37.307628423270145,False,PEP
2016-01-01,32.39872994652408,False,PEP
2016-01-02,35.27861705288177,False,PEP
2016-01-03,33.1187017231135,False,PEP
2016-01-04,33.1187017231135,False,PEP
2016-01-05,45.358221925133705,False,PEP
2016-01-06,40.31841948900774,False,PEP
2016-01-07,36.71856060606062,False,PEP
2016-01-08,35.998588829471196,False,PEP
2016-01-09,37.438532382650045,False,PEP
2016-01-10,34.558645276292346,False,PEP
2016-01-11,31.678758169934653,False,PEP
2016-01-12,29.51884284016638,False,PEP
2016-01-13,28.798871063576957,False,PEP
2016-01-14,27.358927510398107,False,PEP
2016-01-15,30.95878639334523,False,PEP
2016-01-16,30.238814616755803,False,PEP
2016-01-17,28.078899286987532,False,PEP
2016-01-18,30.95878639334523,False,PEP
2016-01-19,30.238814616755803,False,PEP
2016-01-20,29.51884284016638,False,PEP
2016-01-21,32.39872994652408,False,PEP
2016-01-22,34.558645276292346,False,PEP
2016-01-23,30.238814616755803,False,PEP
2016-01-24,28.078899286987532,False,PEP
2016-01-25,27.358927510398107,False,PEP
2016-01-26,28.798871063576957,False,PEP
2016-01-27,29.51884284016638,False,PEP
2016-01-28,28.798871063576957,False,PEP
2016-01-29,33.83867349970292,False,PEP
2016-01-30,29.51884284016638,False,PEP
2016-01-31,29.51884284016638,False,PEP
2016-02-01,71.99717765894239,False,PEP
2016-02-02,59.75765745692218,False,PEP
2016-02-03,38.87847593582889,False,PEP
2016-02-04,35.27861705288177,False,PEP
2016-02-05,35.27861705288177,False,PEP
2016-02-06,41.03839126559716,False,PEP
2016-02-07,36.71856060606062,False,PEP
2016-02-08,33.1187017231135,False,PEP
2016-02-09,31.678758169934653,False,PEP
2016-02-10,32.39872994652408,False,PEP
2016-02-11,33.1187017231135,False,PEP
2016-02-12,33.1187017231135,False,PEP
2016-02-13,33.83867349970292,False,PEP
2016-02-14,30.238814616755803,False,PEP
2016-02-15,29.51884284016638,False,PEP
2016-02-16,28.078899286987532,False,PEP
2016-02-17,29.51884284016638,False,PEP
2016-02-18,30.95878639334523,False,PEP
2016-02-19,30.95878639334523,False,PEP
2016-02-20,33.83867349970292,False,PEP
2016-02-21,35.27861705288177,False,PEP
2016-02-22,31.678758169934653,False,PEP
2016-02-23,32.39872994652408,False,PEP
2016-02-24,31.678758169934653,False,PEP
2016-02-25,30.95878639334523,False,PEP
2016-02-26,29.51884284016638,False,PEP
2016-02-27,33.83867349970292,False,PEP
2016-02-28,30.95878639334523,False,PEP
2016-02-29,30.238814616755803,False,PEP
2016-03-01,28.078899286987532,False,PEP
2016-03-02,28.798871063576957,False,PEP
2016-03-03,28.078899286987532,False,PEP
2016-03-04,30.238814616755803,False,PEP
2016-03-05,33.1187017231135,False,PEP
2016-03-06,30.238814616755803,False,PEP
2016-03-07,30.238814616755803,False,PEP
2016-03-08,29.51884284016638,False,PEP
2016-03-09,28.078899286987532,False,PEP
2016-03-10,31.678758169934653,False,PEP
2016-03-11,31.678758169934653,False,PEP
2016-03-12,33.83867349970292,False,PEP
2016-03-13,30.95878639334523,False,PEP
2016-03-14,30.238814616755803,False,PEP
2016-03-15,28.798871063576957,False,PEP
2016-03-16,36.71856060606062,False,PEP
2016-03-17,33.1187017231135,False,PEP
2016-03-18,33.1187017231135,False,PEP
2016-03-19,30.95878639334523,False,PEP
2016-03-20,30.238814616755803,False,PEP
2016-03-21,28.798871063576957,False,PEP
2016-03-22,28.798871063576957,False,PEP
2016-03-23,28.078899286987532,False,PEP
2016-03-24,30.238814616755803,False,PEP
2016-03-25,32.39872994652408,False,PEP
2016-03-26,30.95878639334523,False,PEP
2016-03-27,25.199012180629836,False,PEP
2016-03-28,28.078899286987532,False,PEP
2016-03-29,28.078899286987532,False,PEP
2016-03-30,29.51884284016638,False,PEP
2016-03-31,28.798871063576957,False,PEP
2016-04-01,29.51884284016638,False,PEP
2016-04-02,30.95878639334523,False,PEP
2016-04-03,27.358927510398107,False,PEP
2016-04-04,28.798871063576957,False,PEP
2016-04-05,29.51884284016638,False,PEP
2016-04-06,28.078899286987532,False,PEP
2016-04-07,28.078899286987532,False,PEP
2016-04-08,27.358927510398107,False,PEP
2016-04-09,30.238814616755803,False,PEP
2016-04-10,26.638955733808686,False,PEP
2016-04-11,27.358927510398107,False,PEP
2016-04-12,28.798871063576957,False,PEP
2016-04-13,33.83867349970292,False,PEP
2016-04-14,49.67805258467025,False,PEP
2016-04-15,35.27861705288177,False,PEP
2016-04-16,32.39872994652408,False,PEP
2016-04-17,30.238814616755803,False,PEP
2016-04-18,29.51884284016638,False,PEP
2016-04-19,30.238814616755803,False,PEP
2016-04-20,28.798871063576957,False,PEP
2016-04-21,34.558645276292346,False,PEP
2016-04-22,28.798871063576957,False,PEP
2016-04-23,29.51884284016638,False,PEP
2016-04-24,28.078899286987532,False,PEP
2016-04-25,28.798871063576957,False,PEP
2016-04-26,30.95878639334523,False,PEP
2016-04-27,40.31841948900774,False,PEP
2016-04-28,38.87847593582889,False,PEP
2016-04-29,30.95878639334523,False,PEP
2016-04-30,30.95878639334523,False,PEP
2016-05-01,28.798871063576957,False,PEP
2016-05-02,29.51884284016638,False,PEP
2016-05-03,46.798165478312555,False,PEP
2016-05-04,41.75836304218659,False,PEP
2016-05-05,38.87847593582889,False,PEP
2016-05-06,37.438532382650045,False,PEP
2016-05-07,35.998588829471196,False,PEP
2016-05-08,32.39872994652408,False,PEP
2016-05-09,33.1187017231135,False,PEP
2016-05-10,33.1187017231135,False,PEP
2016-05-11,29.51884284016638,False,PEP
2016-05-12,30.95878639334523,False,PEP
2016-05-13,30.95878639334523,False,PEP
2016-05-14,37.438532382650045,False,PEP
2016-05-15,33.1187017231135,False,PEP
2016-05-16,33.83867349970292,False,PEP
2016-05-17,30.238814616755803,False,PEP
2016-05-18,32.39872994652408,False,PEP
2016-05-19,29.51884284016638,False,PEP
2016-05-20,29.51884284016638,False,PEP
2016-05-21,54.717855020796215,False,PEP
2016-05-22,46.07819370172313,False,PEP
2016-05-23,34.558645276292346,False,PEP
2016-05-24,33.1187017231135,False,PEP
2016-05-25,33.1187017231135,False,PEP
2016-05-26,33.1187017231135,False,PEP
2016-05-27,37.438532382650045,False,PEP
2016-05-28,38.15850415923947,False,PEP
2016-05-29,32.39872994652408,False,PEP
2016-05-30,31.678758169934653,False,PEP
2016-05-31,30.238814616755803,False,PEP
2016-06-01,28.798871063576957,False,PEP
2016-06-02,31.678758169934653,False,PEP
2016-06-03,30.95878639334523,False,PEP
2016-06-04,33.83867349970292,False,PEP
2016-06-05,28.798871063576957,False,PEP
2016-06-06,30.238814616755803,False,PEP
2016-06-07,29.51884284016638,False,PEP
2016-06-08,28.798871063576957,False,PEP
2016-06-09,28.798871063576957,False,PEP
2016-06-10,29.51884284016638,False,PEP
2016-06-11,32.39872994652408,False,PEP
2016-06-12,25.199012180629836,False,PEP
2016-06-13,27.358927510398107,False,PEP
2016-06-14,30.95878639334523,False,PEP
2016-06-15,30.238814616755803,False,PEP
2016-06-16,29.51884284016638,False,PEP
2016-06-17,30.95878639334523,False,PEP
2016-06-18,30.95878639334523,False,PEP
2016-06-19,27.358927510398107,False,PEP
2016-06-20,28.798871063576957,False,PEP
2016-06-21,29.51884284016638,False,PEP
2016-06-22,28.798871063576957,False,PEP
2016-06-23,34.558645276292346,False,PEP
2016-06-24,28.798871063576957,False,PEP
2016-06-25,30.238814616755803,False,PEP
2016-06-26,27.358927510398107,False,PEP
2016-06-27,28.798871063576957,False,PEP
2016-06-28,28.798871063576957,False,PEP
2016-06-29,28.798871063576957,False,PEP
2016-06-30,29.51884284016638,False,PEP
2016-07-01,33.1187017231135,False,PEP
2016-07-02,33.1187017231135,False,PEP
2016-07-03,40.672089835402545,False,PEP
2016-07-04,37.18591070665376,False,PEP
2016-07-05,34.28076143269643,False,PEP
2016-07-06,34.8617912874879,False,PEP
2016-07-07,30.794582303947642,False,PEP
2016-07-08,34.8617912874879,False,PEP
2016-07-09,34.28076143269643,False,PEP
2016-07-10,33.1187017231135,False,PEP
2016-07-11,29.05149273957325,False,PEP
2016-07-12,28.47046288478178,False,PEP
2016-07-13,29.05149273957325,False,PEP
2016-07-14,27.308403175198855,False,PEP
2016-07-15,29.632522594364712,False,PEP
2016-07-16,31.956642013530573,False,PEP
2016-07-17,31.37561215873911,False,PEP
2016-07-18,31.956642013530573,False,PEP
2016-07-19,31.37561215873911,False,PEP
2016-07-20,33.69973157790497,False,PEP
2016-07-21,32.537671868322036,False,PEP
2016-07-22,34.28076143269643,False,PEP
2016-07-23,36.60488085186229,False,PEP
2016-07-24,34.8617912874879,False,PEP
2016-07-25,32.537671868322036,False,PEP
2016-07-26,31.37561215873911,False,PEP
2016-07-27,32.537671868322036,False,PEP
2016-07-28,34.28076143269643,False,PEP
2016-07-29,35.442821142279364,False,PEP
2016-07-30,34.8617912874879,False,PEP
2016-07-31,30.21355244915618,False,PEP
2016-08-01,32.537671868322036,False,PEP
2016-08-02,32.537671868322036,False,PEP
2016-08-03,33.1187017231135,False,PEP
2016-08-04,33.69973157790497,False,PEP
2016-08-05,30.21355244915618,False,PEP
2016-08-06,30.794582303947642,False,PEP
2016-08-07,30.21355244915618,False,PEP
2016-08-08,31.37561215873911,False,PEP
2016-08-09,29.05149273957325,False,PEP
2016-08-10,27.889433029990318,False,PEP
2016-08-11,29.632522594364712,False,PEP
2016-08-12,30.21355244915618,False,PEP
2016-08-13,36.60488085186229,False,PEP
2016-08-14,31.956642013530573,False,PEP
2016-08-15,30.794582303947642,False,PEP
2016-08-16,31.37561215873911,False,PEP
2016-08-17,31.37561215873911,False,PEP
2016-08-18,30.794582303947642,False,PEP
2016-08-19,31.37561215873911,False,PEP
2016-08-20,35.442821142279364,False,PEP
2016-08-21,30.794582303947642,False,PEP
2016-08-22,30.21355244915618,False,PEP
2016-08-23,31.37561215873911,False,PEP
2016-08-24,31.956642013530573,False,PEP
2016-08-25,33.1187017231135,False,PEP
2016-08-26,34.8617912874879,False,PEP
2016-08-27,34.28076143269643,False,PEP
2016-08-28,35.442821142279364,False,PEP
2016-08-29,33.1187017231135,False,PEP
2016-08-30,30.794582303947642,False,PEP
2016-08-31,33.1187017231135,False,PEP
2016-09-01,33.1187017231135,False,PEP
2016-09-02,32.537671868322036,False,PEP
2016-09-03,30.794582303947642,False,PEP
2016-09-04,31.956642013530573,False,PEP
2016-09-05,33.1187017231135,False,PEP
2016-09-06,33.69973157790497,False,PEP
2016-09-07,33.1187017231135,False,PEP
2016-09-08,32.537671868322036,False,PEP
2016-09-09,38.347970416236684,False,PEP
2016-09-10,58.1029854791465,False,PEP
2016-09-11,40.091059980611085,False,PEP
2016-09-12,33.69973157790497,False,PEP
2016-09-13,31.956642013530573,False,PEP
2016-09-14,30.794582303947642,False,PEP
2016-09-15,32.537671868322036,False,PEP
2016-09-16,33.1187017231135,False,PEP
2016-09-17,34.28076143269643,False,PEP
2016-09-18,32.537671868322036,False,PEP
2016-09-19,33.1187017231135,False,PEP
2016-09-20,34.28076143269643,False,PEP
2016-09-21,33.1187017231135,False,PEP
2016-09-22,33.1187017231135,False,PEP
2016-09-23,36.60488085186229,False,PEP
2016-09-24,37.18591070665376,False,PEP
2016-09-25,29.632522594364712,False,PEP
2016-09-26,31.956642013530573,False,PEP
2016-09-27,31.956642013530573,False,PEP
2016-09-28,33.69973157790497,False,PEP
2016-09-29,32.537671868322036,False,PEP
2016-09-30,36.02385099707083,False,PEP
2016-10-01,33.1187017231135,False,PEP
2016-10-02,33.69973157790497,False,PEP
2016-10-03,31.956642013530573,False,PEP
2016-10-04,30.794582303947642,False,PEP
2016-10-05,29.632522594364712,False,PEP
2016-10-06,29.05149273957325,False,PEP
2016-10-07,31.37561215873911,False,PEP
2016-10-08,29.05149273957325,False,PEP
2016-10-09,27.889433029990318,False,PEP
2016-10-10,30.794582303947642,False,PEP
2016-10-11,29.05149273957325,False,PEP
2016-10-12,29.05149273957325,False,PEP
2016-10-13,28.47046288478178,False,PEP
2016-10-14,30.794582303947642,False,PEP
2016-10-15,34.8617912874879,False,PEP
2016-10-16,30.21355244915618,False,PEP
2016-10-17,31.956642013530573,False,PEP
2016-10-18,31.956642013530573,False,PEP
2016-10-19,41.25311969019401,False,PEP
2016-10-20,38.347970416236684,False,PEP
2016-10-21,35.442821142279364,False,PEP
2016-10-22,33.1187017231135,False,PEP
2016-10-23,33.1187017231135,False,PEP
2016-10-24,31.37561215873911,False,PEP
2016-10-25,29.05149273957325,False,PEP
2016-10-26,34.8617912874879,False,PEP
2016-10-27,34.28076143269643,False,PEP
2016-10-28,32.537671868322036,False,PEP
2016-10-29,31.37561215873911,False,PEP
2016-10-30,27.889433029990318,False,PEP
2016-10-31,27.889433029990318,False,PEP
2016-11-01,32.537671868322036,False,PEP
2016-11-02,31.956642013530573,False,PEP
2016-11-03,29.632522594364712,False,PEP
2016-11-04,32.537671868322036,False,PEP
2016-11-05,34.8617912874879,False,PEP
2016-11-06,31.956642013530573,False,PEP
2016-11-07,29.632522594364712,False,PEP
2016-11-08,27.308403175198855,False,PEP
2016-11-09,20.91707477249274,False,PEP
2016-11-10,26.727373320407388,False,PEP
2016-11-11,30.21355244915618,False,PEP
2016-11-12,29.05149273957325,False,PEP
2016-11-13,25.565313610824457,False,PEP
2016-11-14,27.308403175198855,False,PEP
2016-11-15,31.37561215873911,False,PEP
2016-11-16,28.47046288478178,False,PEP
2016-11-17,28.47046288478178,False,PEP
2016-11-18,29.05149273957325,False,PEP
2016-11-19,33.1187017231135,False,PEP
2016-11-20,30.21355244915618,False,PEP
2016-11-21,30.794582303947642,False,PEP
2016-11-22,29.05149273957325,False,PEP
2016-11-23,34.28076143269643,False,PEP
2016-11-24,25.565313610824457,False,PEP
2016-11-25,31.956642013530573,False,PEP
2016-11-26,31.956642013530573,False,PEP
2016-11-27,28.47046288478178,False,PEP
2016-11-28,28.47046288478178,False,PEP
2016-11-29,28.47046288478178,False,PEP
2016-11-30,27.308403175198855,False,PEP
2016-12-01,26.146343465615924,False,PEP
2016-12-02,28.47046288478178,False,PEP
2016-12-03,33.69973157790497,False,PEP
2016-12-04,29.632522594364712,False,PEP
2016-12-05,26.727373320407388,False,PEP
2016-12-06,26.727373320407388,False,PEP
2016-12-07,26.146343465615924,False,PEP
2016-12-08,26.727373320407388,False,PEP
2016-12-09,26.146343465615924,False,PEP
2016-12-10,34.8617912874879,False,PEP
2016-12-11,30.21355244915618,False,PEP
2016-12-12,27.308403175198855,False,PEP
2016-12-13,29.632522594364712,False,PEP
2016-12-14,26.727373320407388,False,PEP
2016-12-15,27.889433029990318,False,PEP
2016-12-16,28.47046288478178,False,PEP
2016-12-17,30.794582303947642,False,PEP
2016-12-18,31.956642013530573,False,PEP
2016-12-19,29.05149273957325,False,PEP
2016-12-20,28.47046288478178,False,PEP
2016-12-21,27.308403175198855,False,PEP
2016-12-22,27.308403175198855,False,PEP
2016-12-23,27.308403175198855,False,PEP
2016-12-24,25.565313610824457,False,PEP
2016-12-25,18.011925498535415,False,PEP
2016-12-26,26.727373320407388,False,PEP
2016-12-27,28.47046288478178,False,PEP
2016-12-28,28.47046288478178,False,PEP
2016-12-29,27.889433029990318,False,PEP
2016-12-30,27.889433029990318,False,PEP
2016-12-31,30.794582303947642,False,PEP
2017-01-01,28.47046288478178,False,PEP
2017-01-02,41.26154041272722,False,PEP
2017-01-03,39.19846339209086,False,PEP
2017-01-04,34.24707854256359,False,PEP
2017-01-05,31.77138611779996,False,PEP
2017-01-06,30.120924501290872,False,PEP
2017-01-07,33.42184773430905,False,PEP
2017-01-08,28.883078288909054,False,PEP
2017-01-09,29.7083090971636,False,PEP
2017-01-10,29.7083090971636,False,PEP
2017-01-11,28.47046288478178,False,PEP
2017-01-12,28.47046288478178,False,PEP
2017-01-13,29.295693693036327,False,PEP
2017-01-14,30.533539905418145,False,PEP
2017-01-15,35.89754015907268,False,PEP
2017-01-16,32.5966169260545,False,PEP
2017-01-17,29.295693693036327,False,PEP
2017-01-18,28.47046288478178,False,PEP
2017-01-19,29.7083090971636,False,PEP
2017-01-20,29.295693693036327,False,PEP
2017-01-21,35.48492475494541,False,PEP
2017-01-22,30.533539905418145,False,PEP
2017-01-23,28.47046288478178,False,PEP
2017-01-24,29.295693693036327,False,PEP
2017-01-25,29.7083090971636,False,PEP
2017-01-26,28.05784748065451,False,PEP
2017-01-27,29.295693693036327,False,PEP
2017-01-28,29.7083090971636,False,PEP
2017-01-29,28.05784748065451,False,PEP
2017-01-30,30.120924501290872,False,PEP
2017-01-31,27.232616672399967,False,PEP
2017-02-01,28.47046288478178,False,PEP
2017-02-02,28.47046288478178,False,PEP
2017-02-03,28.47046288478178,False,PEP
2017-02-04,28.883078288909054,False,PEP
2017-02-05,25.99477046001815,False,PEP
2017-02-06,26.40738586414542,False,PEP
2017-02-07,26.40738586414542,False,PEP
2017-02-08,26.820001268272694,False,PEP
2017-02-09,25.582155055890876,False,PEP
2017-02-10,26.820001268272694,False,PEP
2017-02-11,28.883078288909054,False,PEP
2017-02-12,26.40738586414542,False,PEP
2017-02-13,28.47046288478178,False,PEP
2017-02-14,26.820001268272694,False,PEP
2017-02-15,29.295693693036327,False,PEP
2017-02-16,28.47046288478178,False,PEP
2017-02-17,29.7083090971636,False,PEP
2017-02-18,31.358770713672687,False,PEP
2017-02-19,28.883078288909054,False,PEP
2017-02-20,28.47046288478178,False,PEP
2017-02-21,30.533539905418145,False,PEP
2017-02-22,32.184001521927236,False,PEP
2017-02-23,30.533539905418145,False,PEP
2017-02-24,31.358770713672687,False,PEP
2017-02-25,32.184001521927236,False,PEP
2017-02-26,28.883078288909054,False,PEP
2017-02-27,28.47046288478178,False,PEP
2017-02-28,28.47046288478178,False,PEP
2017-03-01,29.7083090971636,False,PEP
2017-03-02,28.883078288909054,False,PEP
2017-03-03,31.358770713672687,False,PEP
2017-03-04,29.7083090971636,False,PEP
2017-03-05,29.7083090971636,False,PEP
2017-03-06,27.64523207652724,False,PEP
2017-03-07,27.64523207652724,False,PEP
2017-03-08,25.582155055890876,False,PEP
2017-03-09,30.946155309545414,False,PEP
2017-03-10,30.946155309545414,False,PEP
2017-03-11,31.358770713672687,False,PEP
2017-03-12,27.64523207652724,False,PEP
2017-03-13,27.232616672399967,False,PEP
2017-03-14,25.99477046001815,False,PEP
2017-03-15,32.5966169260545,False,PEP
2017-03-16,33.83446313843632,False,PEP
2017-03-17,30.946155309545414,False,PEP
2017-03-18,30.120924501290872,False,PEP
2017-03-19,28.883078288909054,False,PEP
2017-03-20,28.47046288478178,False,PEP
2017-03-21,28.05784748065451,False,PEP
2017-03-22,27.232616672399967,False,PEP
2017-03-23,27.232616672399967,False,PEP
2017-03-24,27.64523207652724,False,PEP
2017-03-25,31.358770713672687,False,PEP
2017-03-26,26.820001268272694,False,PEP
2017-03-27,27.64523207652724,False,PEP
2017-03-28,28.47046288478178,False,PEP
2017-03-29,28.47046288478178,False,PEP
2017-03-30,29.7083090971636,False,PEP
2017-03-31,34.659693946690865,False,PEP
2017-04-01,29.295693693036327,False,PEP
2017-04-02,30.120924501290872,False,PEP
2017-04-03,26.820001268272694,False,PEP
2017-04-04,28.883078288909054,False,PEP
2017-04-05,29.7083090971636,False,PEP
2017-04-06,29.295693693036327,False,PEP
2017-04-07,26.40738586414542,False,PEP
2017-04-08,29.295693693036327,False,PEP
2017-04-09,25.99477046001815,False,PEP
2017-04-10,25.99477046001815,False,PEP
2017-04-11,25.99477046001815,False,PEP
2017-04-12,26.40738586414542,False,PEP
2017-04-13,26.40738586414542,False,PEP
2017-04-14,25.169539651763603,False,PEP
2017-04-15,29.7083090971636,False,PEP
2017-04-16,22.69384722699997,False,PEP
2017-04-17,25.99477046001815,False,PEP
2017-04-18,27.232616672399967,False,PEP
2017-04-19,25.582155055890876,False,PEP
2017-04-20,24.756924247636334,False,PEP
2017-04-21,27.232616672399967,False,PEP
2017-04-22,26.820001268272694,False,PEP
2017-04-23,29.7083090971636,False,PEP
2017-04-24,28.47046288478178,False,PEP
2017-04-25,28.05784748065451,False,PEP
2017-04-26,28.47046288478178,False,PEP
2017-04-27,30.120924501290872,False,PEP
2017-04-28,31.77138611779996,False,PEP
2017-04-29,28.05784748065451,False,PEP
2017-04-30,27.64523207652724,False,PEP
2017-05-01,28.47046288478178,False,PEP
2017-05-02,28.47046288478178,False,PEP
2017-05-03,28.05784748065451,False,PEP
2017-05-04,29.295693693036327,False,PEP
2017-05-05,26.820001268272694,False,PEP
2017-05-06,29.7083090971636,False,PEP
2017-05-07,26.820001268272694,False,PEP
2017-05-08,28.47046288478178,False,PEP
2017-05-09,28.883078288909054,False,PEP
2017-05-10,27.232616672399967,False,PEP
2017-05-11,26.40738586414542,False,PEP
2017-05-12,28.47046288478178,False,PEP
2017-05-13,28.883078288909054,False,PEP
2017-05-14,25.169539651763603,False,PEP
2017-05-15,28.05784748065451,False,PEP
2017-05-16,30.946155309545414,False,PEP
2017-05-17,26.820001268272694,False,PEP
2017-05-18,27.232616672399967,False,PEP
2017-05-19,29.295693693036327,False,PEP
2017-05-20,29.7083090971636,False,PEP
2017-05-21,28.883078288909054,False,PEP
2017-05-22,28.883078288909054,False,PEP
2017-05-23,33.009232330181774,False,PEP
2017-05-24,29.295693693036327,False,PEP
2017-05-25,28.47046288478178,False,PEP
2017-05-26,31.358770713672687,False,PEP
2017-05-27,29.7083090971636,False,PEP
2017-05-28,29.295693693036327,False,PEP
2017-05-29,28.883078288909054,False,PEP
2017-05-30,30.946155309545414,False,PEP
2017-05-31,30.946155309545414,False,PEP
2017-06-01,30.533539905418145,False,PEP
2017-06-02,30.533539905418145,False,PEP
2017-06-03,33.42184773430905,False,PEP
2017-06-04,29.295693693036327,False,PEP
2017-06-05,27.64523207652724,False,PEP
2017-06-06,27.64523207652724,False,PEP
2017-06-07,29.295693693036327,False,PEP
2017-06-08,28.05784748065451,False,PEP
2017-06-09,26.40738586414542,False,PEP
2017-06-10,30.946155309545414,False,PEP
2017-06-11,30.533539905418145,False,PEP
2017-06-12,32.184001521927236,False,PEP
2017-06-13,27.232616672399967,False,PEP
2017-06-14,29.295693693036327,False,PEP
2017-06-15,27.232616672399967,False,PEP
2017-06-16,29.295693693036327,False,PEP
2017-06-17,30.120924501290872,False,PEP
2017-06-18,26.40738586414542,False,PEP
2017-06-19,28.47046288478178,False,PEP
2017-06-20,27.232616672399967,False,PEP
2017-06-21,27.232616672399967,False,PEP
2017-06-22,28.47046288478178,False,PEP
2017-06-23,31.358770713672687,False,PEP
2017-06-24,30.533539905418145,False,PEP
2017-06-25,28.05784748065451,False,PEP
2017-06-26,30.946155309545414,False,PEP
2017-06-27,29.295693693036327,False,PEP
2017-06-28,28.05784748065451,False,PEP
2017-06-29,30.533539905418145,False,PEP
2017-06-30,29.7083090971636,False,PEP
2017-07-01,32.5966169260545,False,PEP
2017-07-02,28.359056725667415,False,PEP
2017-07-03,29.98888757197014,False,PEP
2017-07-04,27.38115821788578,False,PEP
2017-07-05,27.707124387146326,False,PEP
2017-07-06,28.68502289492796,False,PEP
2017-07-07,28.68502289492796,False,PEP
2017-07-08,29.662921402709596,False,PEP
2017-07-09,26.403259710104145,False,PEP
2017-07-10,27.055192048625234,False,PEP
2017-07-11,29.010989064188504,False,PEP
2017-07-12,28.68502289492796,False,PEP
2017-07-13,26.72922587936469,False,PEP
2017-07-14,27.707124387146326,False,PEP
2017-07-15,31.618718418272866,False,PEP
2017-07-16,27.055192048625234,False,PEP
2017-07-17,27.707124387146326,False,PEP
2017-07-18,28.03309055640687,False,PEP
2017-07-19,26.403259710104145,False,PEP
2017-07-20,29.662921402709596,False,PEP
2017-07-21,31.94468458753341,False,PEP
2017-07-22,30.64081991049123,False,PEP
2017-07-23,26.72922587936469,False,PEP
2017-07-24,27.38115821788578,False,PEP
2017-07-25,26.72922587936469,False,PEP
2017-07-26,27.055192048625234,False,PEP
2017-07-27,28.68502289492796,False,PEP
2017-07-28,29.98888757197014,False,PEP
2017-07-29,29.98888757197014,False,PEP
2017-07-30,28.68502289492796,False,PEP
2017-07-31,29.662921402709596,False,PEP
2017-08-01,30.966786079751774,False,PEP
2017-08-02,29.662921402709596,False,PEP
2017-08-03,29.33695523344905,False,PEP
2017-08-04,31.618718418272866,False,PEP
2017-08-05,29.98888757197014,False,PEP
2017-08-06,28.359056725667415,False,PEP
2017-08-07,30.966786079751774,False,PEP
2017-08-08,29.33695523344905,False,PEP
2017-08-09,26.403259710104145,False,PEP
2017-08-10,30.64081991049123,False,PEP
2017-08-11,28.03309055640687,False,PEP
2017-08-12,30.966786079751774,False,PEP
2017-08-13,29.33695523344905,False,PEP
2017-08-14,31.29275224901232,False,PEP
2017-08-15,31.29275224901232,False,PEP
2017-08-16,29.33695523344905,False,PEP
2017-08-17,31.618718418272866,False,PEP
2017-08-18,31.618718418272866,False,PEP
2017-08-19,29.662921402709596,False,PEP
2017-08-20,28.03309055640687,False,PEP
2017-08-21,31.29275224901232,False,PEP
2017-08-22,30.64081991049123,False,PEP
2017-08-23,29.33695523344905,False,PEP
2017-08-24,29.010989064188504,False,PEP
2017-08-25,32.270650756793955,False,PEP
2017-08-26,31.29275224901232,False,PEP
2017-08-27,26.72922587936469,False,PEP
2017-08-28,29.98888757197014,False,PEP
2017-08-29,29.662921402709596,False,PEP
2017-08-30,27.707124387146326,False,PEP
2017-08-31,30.314853741230685,False,PEP
2017-09-01,32.5966169260545,False,PEP
2017-09-02,32.270650756793955,False,PEP
2017-09-03,29.010989064188504,False,PEP
2017-09-04,29.662921402709596,False,PEP
2017-09-05,28.03309055640687,False,PEP
2017-09-06,27.707124387146326,False,PEP
2017-09-07,28.03309055640687,False,PEP
2017-09-08,30.314853741230685,False,PEP
2017-09-09,32.5966169260545,False,PEP
2017-09-10,28.03309055640687,False,PEP
2017-09-11,29.98888757197014,False,PEP
2017-09-12,25.751327371583056,False,PEP
2017-09-13,28.68502289492796,False,PEP
2017-09-14,28.03309055640687,False,PEP
2017-09-15,29.33695523344905,False,PEP
2017-09-16,30.966786079751774,False,PEP
2017-09-17,27.38115821788578,False,PEP
2017-09-18,28.68502289492796,False,PEP
2017-09-19,27.707124387146326,False,PEP
2017-09-20,28.359056725667415,False,PEP
2017-09-21,28.359056725667415,False,PEP
2017-09-22,30.64081991049123,False,PEP
2017-09-23,29.98888757197014,False,PEP
2017-09-24,27.707124387146326,False,PEP
